12698,6/28/16,20:00,wargaberdaya,'Hotel yg dibangun sebelum IMB terbit ini hampir jadi. Di #Jogja, regulasi apa yg tak bisa diakali? #JogjaOraDidol pic.twitter.com/tJBwfBYruK'
12699,6/25/16,10:38,dodoputrabangsa,Kutukan Penjajahan dan Penjarahan dalam Sejarah Kasultanan Yogyakarta https://elantowow.wordpress.com/2016/06/25/kutukan-penjajahan-dan-penjarahan-dalam-sejarah-kasultanan-yogyakarta/ξ��_ via @joeyakarta #JogjaOraDidol
12700,6/24/16,19:34,gestobyk,Bandara #KulonProgo sbg Pembangunan Berisiko - Diskusi 25/06 pk 14.30 di Bintaran Tengah 16 #Jogja #JogjaOraDidol... http://fb.me/5nUCJJarGξ
12701,6/24/16,18:14,wargaberdaya,Bandara #KulonProgo sbg Pembangunan Berisiko - Diskusi 25/06 pk 14.30 di Bintaran Tengah 16 #Jogja #JogjaOraDidol pic.twitter.com/w4pSOTzvrF
12702,6/24/16,14:28,Johanagung007,Joooss @verritomo @Johanagung007 udah jo. #jogjaoradidol
12703,6/24/16,14:27,verritomo,@Johanagung007 udah jo. #jogjaoradidol
12704,6/17/16,19:19,MafiaWasit,Lu ngedukung Toy jadi Sultan Jogja? #JogjaOraDidol https://twitter.com/angkringanbola/status/743806896969129986ξ��_
12705,6/17/16,14:46,hari_yanto98,Puasa bukan alasan berhenti bersuara!!!! Tetap semangat utk kota tercinta!!! #jogjaoradidol #selamatkanjogja #slemanAmbyar #jogjaAsat
12706,6/16/16,9:25,AngrySipelebegu,'Merah Di Atas Merah (Kisah Dua Penyair) 
#poets #red #sufi #rumi #sautsitumorang #jogjaoradidol��_ https://www.instagram.com/p/BGuNP5csYC3/ξ'
12707,6/16/16,6:12,dodoputrabangsa,Solidaritas dr Berlin #JogjaOraDidol @wargaberdayahttps://twitter.com/bayuagni12/status/743423643884134400ξ��_
12708,6/16/16,5:44,SangSudra,Beuh "@bayuagni12: In solidarity #2thnRembangMelawan #2thnKendengMelawan #JogjaOraDidol @JmppkRembang pic.twitter.com/sFICA6KntV"
12709,6/15/16,16:55,oupikmurtadho,#JogjaOraDidol #JogjaNotForSale tp embuh senimane? #AliansiBoikotArtJog2016 AKSI 16/6/2016 15.00WIB titik temu 0-KMpic.twitter.com/7HAzpXs43i
12710,6/11/16,7:21,joeyakarta,#JogjaOraDidol ���@TolakUttara: Spanduk Tolak Apartemen Uttara di Gg.Jeruk sudah terpampang. Tetap semangat!!! pic.twitter.com/UxJgppQy8C���
12711,6/11/16,7:21,joeyakarta,#JogjaOraDidol ���@TolakUttara: Spanduk Penolakan Apartemen Uttara hari ini. Tetap Konsisten Tolak Uttara!!! pic.twitter.com/X5XRGvNULi���
12712,6/9/16,21:37,BangArdi14,'Gandeng Freeport Jadi Sponsor, Art Jog Dikritik https://www.tempo.co/read/news/2016/06/10/114778491/gandeng-freeport-jadi-sponsor-art-jog-dikritikξ��_ #Jogja #Jogjaoradidol'
12713,6/8/16,23:50,pandu_pethoex,Legitimasi melalui "Bayangan Persetujuan Semua Warga" sdg berlangsung d #Jogja utk kepentingan #mall #apartemen #hotel #JogjaOraDidol
12714,6/8/16,15:17,erlangga_erry,'Jangan kau takut pada gelap malam 
Bulan dan bintang semuanya teman
 
#sayidan #jogja #JogjaOraDidol pic.twitter.com/sBEaXOuhqG'
12715,6/8/16,12:55,gestobyk,'JOGJA NOT FOR SALE !
JOGJA ORA DIDOL !

#jogjaoradidol #latepost �_��: @hendrikafrizal http://fb.me/8bjf9GpM0ξ'
12716,6/7/16,22:05,gestobyk,'Suara akar rumput 
Location : Kewek

#jogjaoradidol #jogjaistimewa #jogjaku #suararakyat #kewek �_��: @faizalfaqrii http://fb.me/557eCohEKξ'
12717,6/6/16,22:49,Didy_D_Aditya,Beli kaos #jogjaoradidol di mana ya?
12718,6/3/16,18:50,gestobyk,'Sleman Pagi ini....
#JogjaOraDidol #JogjaAsat #Jogja #JogjaKangenKPK #SlemanAmbyar #JogjaIstimewaHotelnya... http://fb.me/3TwyAH8Qwξ'
12719,6/3/16,15:46,pradnyaku,Pemerintah mestinya peduli dengan benda cagar budaya macam ini #jogjaoradidol https://twitter.com/korantempo/status/738669624288387072ξ��_
12720,6/3/16,9:13,Johanagung007,'Anggaran e kurang ?
#jogjaoradidol https://twitter.com/JogjaUpdate/status/738762309800235008ξ��_'
12721,6/3/16,1:10,gestobyk,'Horotoyoh... Bantul arep ono Mall...
#JogjaOraDidol #Jogja #Bantul #Indonesia �_��: @bangardi http://fb.me/1hCeSBQL7ξ'
12722,6/2/16,18:45,gestobyk,'Hilang sudah kota indahku...
Karya : @riodesvian
#JogjaOraDidol #JogjaAsat #Jogja #JogjaKangenKPK #SlemanAmbyar... http://fb.me/2j3QBy4kRξ'
12723,6/2/16,14:14,DandiPSB,Selamat pagi bumi brajamusti. #JogjaOraDidol
12724,6/2/16,7:56,bootbobois,'Lantang suara kami tak bisa kau membungkam,lantang tak terhenti dngrkan! #JogjaOraDidol #SaveNorthKendeng #TolakPabrikSemen #TolakReklamasi'
12725,6/2/16,7:55,bootbobois,Coba robek lagi dalam-dalam dan buatlah terdengar! #JogjaOraDidol #SaveJogja #SaveNorthKendeng #TolakReklamasi #TolakPabrikSemen
12726,6/2/16,7:53,bootbobois,Sampai selongsong peluru menembus suara kami tak putus! #JogjaOraDidol #SaveNorthKendeng #SaveKendeng #TolakReklamasi #TolakPabrikSemen
12727,6/2/16,7:52,bootbobois,'Kubur saja dimanapun kau suka,baris perlawanan kan selalu terbentang! #JogjaOraDidol #SaveNorthKendeng #TolakPabrikSemen #TolakReklamasi'
12728,6/1/16,21:18,bootbobois,'Sebuah balada pelepas rindu,kita bersahabat dengan alam & kita hidup dgn alam.��_ #IkiGK #WatulawangGK #JogjaOraDidol pic.twitter.com/dep7No1Q6a'
12729,6/1/16,21:16,bootbobois,'Deru birunya ombak tempat kita berdua,melawan deras badai luka problema. #WatulawangGK #IkiGK #JogjaOraDidol pic.twitter.com/a37xt6DRp4'
12730,6/1/16,7:40,pandu_pethoex,Sebentar lagi hak publik atas pemandangan merapi akan dganti dg view the palace apartemen djln kaliurang km11 #slemanambyar #jogjaoradidol
12731,5/31/16,8:42,wargaberdaya,Bgmn bs Gubernur #Jogja tak tahu AMDAL hrs ada sebelum izin proyek?! - https://m.tempo.co/read/news/2016/05/31/058775492/gubernur-diy-tak-tahu-amdal-harus-ada-sebelum-izin-proyekξ��_ #JogjaOraDidol
12732,5/30/16,22:30,bootbobois,Indah itu ketika sang kekasih berada di sampingmu dan menemanimu melawan dunia. #JogjaOraDidol #IkiGK #Gunungkidulpic.twitter.com/nkY4KvKmGy
12733,5/30/16,7:16,PM_GK17,@jelajahbantul ada hestek #JogjaOraDidol bkal muncul jg #BantulAjur
12734,5/30/16,2:30,Snusa_institute,#JogjaOraDidol pemda sleman harus pandai dalam hal tata kelola perkotaan https://twitter.com/joeyakarta/status/737211987537465344ξ��_
12735,5/30/16,2:20,joeyakarta,Apakah warga Karangwuni #Sleman bangga jd tetangga @apartemenuttara? Tidak! Tiap hari adl kecemasan! #JogjaOraDidol pic.twitter.com/UHqz83EvMz
12736,5/29/16,7:31,joeyakarta,'Banyak yg bangga bersepeda di dalam mall. Aku cukup bersepeda dalam keseharian saja. Gk butuh gaya, gk butuh hadiah :) #Jogja #JogjaOraDidol'
12737,5/27/16,8:45,greatprasetya,#airsoftgun #skirmish #jogjaistimewa #jogjaoradidol #pejuang #safetyfirst #group @ Sahid J-Walk https://www.instagram.com/p/BF6ou8tlwK_/ξ
12738,5/26/16,24:52:00,AlfianYogieOsd,Happy fucking birthday 185 Gunungkidul Handayani East Jogjakarta \m/ terus sayangi alam dan lingkungan sekitar ! #JogjaOraDidol
12739,5/26/16,11:00,abul_laits,Kami tidak lupa dan terus berdoa.. 10tahun gempa Jogja alfaatikhah @captainjackband @dodoputrabangsa #JogjaOraDidol pic.twitter.com/ffdYNQ1DJx
12740,5/26/16,9:22,Johanagung007,'Pembuatan "garis" larangan parkir di jln jendral sudiraman.
Semoga petugas juga dapat lebih tegas !
#jogjaoradidol pic.twitter.com/virKuywYpP'
12741,5/26/16,2:38,JelajahBantul,#JelajahBantul #iniBANTUL | Bantul rock city. Mumpung durung dadi mall. #jogjaoradidol #pesonaindonesia #pesonajogj��_pic.twitter.com/OG7dzLIYA9
12742,5/26/16,2:29,JelajahBantul,#iniBANTUL | Bantul rock city. Mumpung durung dadi mall. #jogjaoradidol #pesonaindonesia #pesonajogja... http://fb.me/49h8L6iNhξ
12743,5/25/16,10:28,dodoputrabangsa,'Festival Kathok Abang: Sebuah Ihtiar Menangkal Pemodal http://metrotvn.ws/4baX2PvNξ via @metro_tv
#WatuKodok #JogjaOraDidol'
12744,5/25/16,10:25,dodoputrabangsa,'Festival Kathok Abang, Wujud Syukur Warga Kelor Kidul Hadang Investor http://kabarhandayani.com/festival-kathok-abang-wujud-syukur-warga-kelor-kidul-hadang-investor/ξ��_ #WatuKodok #JogjaOraDidol'
12745,5/25/16,10:23,dodoputrabangsa,'Warga ''celana merah'' tolak investor Pantai Watu Kodok via @RapplerID http://s.rplr.co/O5NU9ZJξ
#WatuKodok #JogjaOraDidol'
12746,5/25/16,5:11,ajip949,'ceritanya #piknik sekelas
#pantaiindrayanti #indrayantibeach #jogjaoradidol #explorejogja��_ https://www.instagram.com/p/BF1Gv_KgoCI/ξ'
12747,5/25/16,12:46,sugengrahayu_,Nilai-nilai humanitas pribumi yang semakin dikikis cukong-cukong berdasi. #JogjaOraDidol
12748,5/25/16,12:12,dodoputrabangsa,'Dmn? Kalo di Jogja, jelas kepala daerah yg tdk tegas n blm jelas keberpihakannya #JogjaOraDidol #BencanaBuatan https://twitter.com/Gegas90s/status/735313192411336704ξ��_'
12749,5/24/16,20:31,dodoputrabangsa,'Pengamat Sebut Yogyakarta Krisis Air Tanah http://metrotvn.ws/B502270ξ
#JogjaAsat #JogjaOraDidol'
12750,5/24/16,19:28,sugengrahayu_,'Selama lingkugan terus dihancurkan selama itu pula bencana menyapa, alam akan terus  mencari titik keseimbangan baru. #JogjaOraDidol'
12751,5/24/16,5:51,sugengrahayu_,Kekuatan paranoia yang ingin mengkebiri kearifan lokal dengan cara-cara tidak logis. #JogjaOraDidol
12752,5/23/16,2:36,RonaldAndretti,'Memuaskan mata seni dulu..

#explorejogja
#jogjaoradidol (with Chichi at Imam Gallery) [pic] ��� https://path.com/p/1jN77yξ'
12753,5/22/16,4:10,garuksampah,'Akhir pekan di Pusat Study Lingkungan USD 
Ubah perilaku kita ben #jogjaoraasat #jogjaoradidol akibat #kongsijahatpic.twitter.com/3U2kd9qb1O'
12754,5/22/16,2:40,dodoputrabangsa,Kembar kaosnya #JogjaOraDidol pic.twitter.com/ROSIfxgQyY
12755,5/22/16,2:40,dodoputrabangsa,SPOER reuni di Gedung Joang #JogjaOraDidol pic.twitter.com/dYqzDu2ySW
12756,5/22/16,2:38,dodoputrabangsa,Bersama org2 hebat #JogjaOraDidol pic.twitter.com/JgnQWzUXLd
12757,5/22/16,2:38,dodoputrabangsa,Hehehe bahagia itu energy positif yg hrs trs dilakukan @iwan_nurdin @albindra #JogjaOraDidol pic.twitter.com/1AtrtdFvgA
12758,5/22/16,2:35,dodoputrabangsa,'Daus temani ayahnya yg jg ayah alm Ijul @Ijulsaja ceritakan alm semasa hidup
@iwan_nurdin @nety_rusi #JogjaOraDidol pic.twitter.com/WdpuWfTny7'
12759,5/21/16,6:49,pandu_pethoex,Seminar lingkungan hidup brg @usd_bem @garuksampah ... bnyk hal yg bs kt kerjakan bersama #JogjaOraDidol pic.twitter.com/kVtWDUwXbW
12760,5/21/16,4:46,YFCCYogya,Berikutnya nih pembicara ada Maa Halik dari Walhi Jogja & Mas Pandu dari Warga Berdaya yg kampanyekan #JogjaOraDidol pic.twitter.com/eLhN6IKIhJ
12761,5/21/16,2:49,Johanagung007,'Inikah kota toleransi ?
#jogjaoradidol'
12762,5/21/16,12:56,joeyakarta,'Halo teman2 FT UII, fisik bangunan gedung Hotel Unisi di Jl Sarkem #Jogja ini salahi aturan atau tdk? #JogjaOraDidol pic.twitter.com/JGXJbuCXDU'
12763,5/20/16,22:04,Didy_D_Aditya,'Dari diri sendiri,tercipta nanti ketrentraman bersama. #JanganNyampah. #JOGJAGARUKSAMPAH. #jogjatetaplahistimewa. #JogjaOraDidol'
12764,5/20/16,8:58,joeyakarta,'Pak @SriPurnomoSP merestui tidak? ���@Johanagung007: Doa restu Ndasmu !
Predator licik
#jogjaoradidol
#slemanambyar pic.twitter.com/MTt1nymwp7���'
12765,5/20/16,8:55,wargaberdaya,@Gigih95s Gerakan Warga #Jogja perjuangkan #JogjaOraDidol bukan utk kepentingan komersial. Tak ada hub dgn #AADC2.
12766,5/19/16,18:38,joeyakarta,'Kalian yg berambisi jd walikota/bupati di #Jogja, beranikah berantas mafia perizinan, dr yg di jalanan hgga ruang kantoran? #JogjaOraDidol'
12767,5/19/16,9:33,Gigih95s,Setidaknya pesan #JogjaOraDidol sedikit tersampaikan melalui��_ ��� Ada Apa Dengan Cinta 2 (at @cinemaxxtheater) ���https://path.com/p/13UPfzξ
12768,5/19/16,7:23,dodoputrabangsa,'HOTEL JOGJA : Nekat Bangun Tanpa IMB, Hotel Senopati Didenda Rp4 Juta - http://www.harianjogja.com/baca/2016/05/18/hotel-jogja-nekat-bangun-tanpa-imb-hotel-senopati-didenda-rp4-juta-2-720507ξ��_ #JogjaOraDidol #JogjaIstimewaHotelnya'
12769,5/18/16,21:58,Didy_D_Aditya,'Kebersihan sebagian dari iman! Kebersihan kotaku tentram, #JanganNyampah #JOGJAGARUKSAMPAH. #JogjaOraDidol. #jogjatetaplahistimewa.'
12770,5/18/16,2:57,Johanagung007,'Doa restu Ndasmu !
Predator licik
#jogjaoradidol
#slemanambyarpic.twitter.com/yFXzjTgwUK'
12771,5/17/16,23:21,sugengrahayu_,'Admine Yogyakarta ki sopo sih, seneng banget nek kon towo-towo investasi mol, hotel. Ra isin karo tagline #JogjaOraDidol po?'
12772,5/16/16,23:58,wargaberdaya,#Jogja ���@kosim_nurrokhim: Efek mall dan swalayan yang menjamur? #JogjaOraDidol https://twitter.com/mediaindonesia/status/731039101638430720ξ��_���
12773,5/16/16,23:57,wargaberdaya,'! ���@hari_yanto98: bgm menurut pak @jokowi #jogja lbh indah kan :''( #selamatkanjogja #jogjaoradidol #jogjakangenKpk pic.twitter.com/zAk65tTwLH���'
12774,5/16/16,21:35,joeyakarta,Warga Resah #Trotoar #Jogja Berubah Lokasi Parkir (Bus). Permainan siapa? http://krjogja.com/web/news/read/299531/Elanto_Resah_Trotoar_Berubah_Lokasi_Parkir_Busξ��_ #JogjaOraDidol
12775,5/15/16,18:15,gestobyk,'Satu abad kabupaten sleman. 
#slemanoradidol #slemanale #ale #jogja #jogjaoradidol #cintadamai #explorejogja... http://fb.me/3JgdN1Xj7ξ'
12776,5/14/16,3:59,pandu_pethoex,Rombongan wisata sebuah asuransi dikawal #voorijder d #jogja . Cen ra kalap tenan #JogjaOraDidol
12777,5/14/16,12:04,Johanagung007,'Jangan terlalu sering menggunakan tangan kiri anda, karena yang ke-kiri-an akan dianggap komunis !
#ideologigoblok
#jogjaoradidol'
12778,5/13/16,9:49,agnesta_ayu,Sisa tdi siang #vredeburg #yogyakartaistimewa #Jogja #JogjaOraDidol #jogjatoday #JOGJAKARTA #walking #shopingpic.twitter.com/MjwNlt1cy2
12779,5/13/16,4:12,bootbobois,'Walau badai menghadang kau takkan prnh hilang,utk indonesia jadilah legenda. #jogjatetaplahistimewa #JogjaOraDidol pic.twitter.com/Jm22EXKvkS'
12780,5/13/16,1:50,kosim_nurrokhim,Efek mall dan swalayan yang menjamur? #JogjaOraDidol https://twitter.com/mediaindonesia/status/731039101638430720ξ��_
12781,5/12/16,9:39,hari_yanto98,'Percayalah senjata tak kan pernah bisa meredam suara perlawanan kami, kami hanya minta keadilan!!! #jogjaoradidol #savejogja'
12782,5/12/16,9:12,hari_yanto98,'bagai mana menurut pak @jokowi jogja lebih indah kan :''( #savejogja #selamatkanjogja #jogjaoradidol #jogjakangenKpkpic.twitter.com/cQ4eDUcHoB'
12783,5/12/16,4:41,Didy_D_Aditya,Kita pecinta musik keras hatinya palah mudah terketuk kok!  #PunkRock #outSIDers #BaliTolakReklamasi. #JogjaOraDidol
12784,5/11/16,19:23,wargaberdaya,Jaga #Bantul #JogjaOraDidol ���@Harian_Jogja: PEMBANGUNAN MAL BANTUL : Jarak Mal ��� Pasar Tradisional Minimal 3 Km http://bit.ly/1OhVlG2ξ���
12785,5/11/16,1:11,hari_yanto98,'Pak DPRD kita bisa loh lengserkan anda, sepertinya lebih suka pribumi ter''asingkan?? #JogjaOradidol https://twitter.com/joeyakarta/status/730248315900567553ξ��_'
12786,5/10/16,21:09,joeyakarta,Pemkab #Gunungkidul siap tahan laju investor utk bangun hotel di GK & optimalkan homestay warga. DPRD kok malah gk setuju? #JogjaOraDidol
12787,5/10/16,20:07,joeyakarta,'Siapa mafia parkir di #Jogja? ���@Johanagung007: Ini hak pedestrian !
#jogjaoradidol pic.twitter.com/mGVpOlEzhl��� - Kotabaru'
12788,5/10/16,7:59,Johanagung007,'Ini hak pedestrian !
#jogjaoradidol pic.twitter.com/A716zqyrv5'
12789,5/10/16,7:45,SamasSpeed,#Stoptambangpasir #jogjaoradidol RT @tribunjogja: Warga Desa Trimurti Khawatir Lahannya Ikut Dikeruk Penambanghttp://j.mp/1XjhSUOξ
12790,5/10/16,2:32,pandu_pethoex,Tugas baru polisi #jogja adl membina dan membimbing #ormas dan #laskar #selamatkanjogja #jogjaoradidol
12791,5/10/16,1:50,bootbobois,Akan ada saatnya dimana suara teriakan itu menjadi satu #JogjaOraDidol #SelamatkanJogja #jogjakangenkpk #SaveJogjapic.twitter.com/k8Nv2fCIdU
12792,5/9/16,21:55,gestobyk,Tulunglah aja angel !! #savejogja #jogjaoradidol #jogjaoradibeton #jogjaorabutuhmall #jogjaorabutuhhotel �_��:... http://fb.me/822ZRFzvJξ
12793,5/9/16,20:10,joeyakarta,'Warga #Jogja perjuangkan #JogjaOraDidol agar Sila 2,3,5 #Pancasila terwujud. Ormas cadas & laskar keras selama ini di mana? Sibuk apa?'
12794,5/9/16,17:09,AlfianYogieOsd,Lebih baik menanam pohon daripada menanam beton! #JogjaStopBangunanBeton #JogjaAsat #JogjaOraDidol
12795,5/9/16,7:41,Didy_D_Aditya,Lo pada yg suka nyampah di jogja gk patut lo di sebut orang jogja. #JogjaAsat. #JanganNyampah #JogjaOraDidol
12796,5/8/16,8:54,sugengrahayu_,Film dokumenter tentang fisik Jogja sekarang. #JogjaAsat #JogjaOraDidol #TanamPohonBukanBetonhttp://youtu.be/mGwS78pMPmUξ
12797,5/8/16,6:23,joeyakarta,Byk kawan bs suarakan #JogjaOraDidol tanpa #reklame yg kotori ruang publik #Jogja. Kalian yg dodolan produk/event & ormas/parpol knp tak bs?
12798,5/8/16,4:23,Didy_D_Aditya,'Pakailah kendaraan sederhana,tak mewah tapi tahan lama. #GoGreen #JogjaOraDidol'
12799,5/8/16,3:54,NondianaSantoso,kembali ke dunia perkicauan....krn ingin mendengar kicauan lantang #jogjaOraDidol.... yg disebelah msh sepi sih....
12800,5/8/16,3:27,maulana_desert,'Duet maut #jogjaoradidol & #jogjagaruksampah di jl.Ahmad Djazuli, kotabaru cc: @dodoputrabangsa @garuksampahpic.twitter.com/UiS9BFQ7dn'
12801,5/8/16,12:51,sugengrahayu_,'Di Jogja blm ada forum semacam forBALI yang notabene pembakar semangat warga, semua msh dikampanyekan secara swadaya. Lawan! #JogjaOraDidol'
12802,5/8/16,12:41,sugengrahayu_,'Air tanahmu adalah nyanyian kering tentang keabadian, hotelmu adalah misteri kebisuan semesta. #JogjaOraDidol'
12803,5/8/16,12:31,sugengrahayu_,'Manusia tdk bisa makan mesin, manusia tdk bisa makan uang, manusia tdk bisa makan beton, manusia hanya bisa hidup dari alam #JogjaOraDidol'
12804,5/7/16,22:51,abi_massa,'Sy org sumatra,7 th d jgja,sy cinta jgja @sayashintasaja @joeyakarta @dodoputrabangsa @bhektibes @bangsarli #SelamatkanJogja #JogjaOraDidol'
12805,5/7/16,22:32,sugengrahayu_,Kalau sudah bisa makan besi & beton silahkan tanami hotel & mall sebanyak-banyaknya. #JogjaOraDidol
12806,5/7/16,22:23,purap_rhuzny,'Jogja istimewa??
Jogja Berhati (BERHENTI) nyaman.
#jogjaoradidol https://www.instagram.com/p/BFAImvzE1kD/ξ'
12807,5/7/16,21:06,dodoputrabangsa,Momo Captain Jack yg jg pecinta alam mendukung #SelamatkanJogja dg teriakkan #JogjaOraDidol pic.twitter.com/SELgJ7tl75
12808,5/7/16,21:04,dodoputrabangsa,'Mas Bli Jerinx misalnya, mengajak smua seniman/i Jogja utk #SelamatkanJogja sblm Jogja spt Bali
#JogjaOraDidol pic.twitter.com/OZPuUdKtLR'
12809,5/7/16,21:02,sugengrahayu_,'Saya bukan aktivis, tp saya pro ekologi. Simpelnya saya gak mau melihat Jogja dihabisi pihak-pihak yang tdk sayang dgn Jogja. #JogjaOraDidol'
12810,5/7/16,21:01,sugengrahayu_,'Saya merindukan Jogja di era-90an, dimana kota ini masih asri & turis manca datang krn kehangatan & keramahan masyarakatnya. #JogjaOraDidol'
12811,5/7/16,21:01,sugengrahayu_,'Atas nama pariwisata, Jogja menjadi se-industrial dgn beberapa faktor2 konsekuensinya: macet, tata ruang kota semrawut. #JogjaOraDidol'
12812,5/7/16,21:00,dodoputrabangsa,Cinta Jogja = #SelamatkanJogja = #JogjaOraDidol
12813,5/7/16,20:59,dodoputrabangsa,Wujud kecintaan ingin #SelamatkanJogja tertumpah dg teriakkan #JogjaOraDidol
12814,5/7/16,20:57,dodoputrabangsa,'Gak heran jk warga yg sangat cinta Jogja geram, teriakkan #JogjaOraDidol demi #SelamatkanJogja'
12815,5/7/16,7:29,Ivulpull,'Sebelum balik ke ibu kota maafkan saya @bobbybikul store ehshopyk saya rampok.
#JogjaOraDidol��_ https://www.instagram.com/p/BFHALXstAHU/ξ'
12816,5/7/16,3:46,yudhiiyudhek,Kembalikan jogja berhati nyaman #SaveJogja #selamatkanjogja #jogjaoradidol
12817,5/7/16,2:45,pandu_pethoex,'Mobilmu apik tapi ra ono tempat sampah buang tissue asal djalanan,ini #jogja bkn rimba,,maaf sy balikin sampahnya
#savejogja #jogjaoradidol'
12818,5/7/16,2:33,dodoputrabangsa,*SaveJogja* #SelamatkanJogja #SelamatkanJogja #SelamatkanJogja #SelamatkanJogja #JogjaOraDidol
12819,5/7/16,1:20,yudhiiyudhek,'Kebebasan yg ada dikepala mulai terbeli dengan senjata. 
Kisah demokrasi yg berjalan tlah menuju sudut yg berbeda. #SaveJogja #JogjaOraDidol'
12820,5/7/16,12:43,infojogja,'RT @danial_hid: nek long weekends niku angsal nglanggar nggih? 

#jogjaoradidol #savejogjapic.twitter.com/E4h2d2DPcf'
12821,5/6/16,23:37,joeyakarta,'Wisatawan pengguna jasa #voorijder, apa yg kalian banggakan? Mental korup aparat negara dipelihara orang2 spt kalian. #JogjaOraDidol #Jogja'
12822,5/6/16,22:59,dodoputrabangsa,'Gerakan #SaveJogja untuk Selamatkan dari Intoleransi https://www.tempo.co/read/news/2016/05/07/058768996/gerakan-savejogja-untuk-selamatkan-dari-intoleransiξ��_ lewat @tempodotco
#SaveJogja #JogjaOraDidol'
12823,5/6/16,19:27,PM_GK17,iki nk investasi ra aturan bkal akeh hestek #JogjaOraDidol #JogjaAsat #SlemanAmbyar #BantulAjur #GunungkidulAmburadul
12824,5/6/16,18:56,abul_laits,Bali Kulon Progo ahh .. Koyone wes ra adem koyo mbien udarane :v #SaveJogja #JogjaOraDidol @watespahpoh @dodoputrabangsa
12825,5/6/16,18:30,bootbobois,Dan akan ada saatnya separuh warga jogja berteriak #SaveJogja #JogjaOraDidol #jogjaasat #JanganNyampah #jogjakangenkpk #jogjatetapistimewa
12826,5/6/16,16:03,Nophita4,Long weekend baanyaak mafia parkir di tmpat" wisata #JogjaOradiDol
12827,5/6/16,7:59,joeyakarta,Siapa mafia parkir di Alun2 Utara @kratonjogja? ���@danial_hid: @JogjaUpdate pripun niki mas? #jogjaoradidol #Jogja pic.twitter.com/0Nj2DRtAcF���
12828,5/6/16,7:14,danial_hid,@infojogja @YogyakartaCity nek long weekends niku angsal nglanggar nggih? #jogjaoradidol #savejogjapic.twitter.com/iTNBHLD4qo
12829,5/6/16,7:10,danial_hid,@JogjaUpdate @joeyakarta pripun niki mas? #jogjaoradidol pic.twitter.com/pIlxVKyzvd
12830,5/6/16,6:05,joeyakarta,'Penguasaan parkir #Jogja tdk sepele, terkait erat dgn pengaruh parpol. Carut-marut mnjmn parkir adl cermin politik lokal DIY. #JogjaOraDidol'
12831,5/6/16,4:54,joeyakarta,Parkir #Jogja cc @KPK_RI ���@aryananta_anang: Mas @.joeyakarta @infojogja tidak musim libur sj depan kantor pos besar 20rb/mbl #JogjaOraDidol
12832,5/6/16,4:47,Ladyshila23,'Jangan hanya partisipasi
Tetapi berikan dedikasi yg murni terhadap alam
#jogjaoradidol #jogjaasat #jogjakangenkpkpic.twitter.com/u4wgNzFQuV'
12833,5/6/16,4:28,arifabduh,Njijiki... #jogja #jogjaoradidol https://twitter.com/joeyakarta/status/728513736567197696ξ��_
12834,5/6/16,2:16,joeyakarta,'#Jogja @KPK_RI ���@pesakitan22: di ABA karcis 1000, ditulis ulang pk tangan jd 2000, pas bayar jd 3000 https://twitter.com/joeyakarta/status/728474273623379971ξ��_ #JogjaOraDidol'
12835,5/6/16,2:04,joeyakarta,'! cc @SriPurnomoSP @KPK_RI ���@doro_tanti: @infojogja semalam di Taman Pelangi, parkir motor di luar kena mangewu.. #jogja #jogjaOraDidol���'
12836,5/6/16,2:00,doro_tanti,'@joeyakarta @infojogja semalam di Taman Pelangi, parkir motor diluar kena mangewu..#jogja #jogjaOraDidol'
12837,5/6/16,1:39,joeyakarta,'#Jogja @KPK_RI ���@AbsharAr12: nak ABA durung musim liburan ae ditarik 3ewu mas, tulisane sewu. opo maneh pas musim liburan iki #JogjaOraDidol'
12838,5/6/16,1:35,Teyenk_CRSN,pie iki.. RT @BangArdi14: Gugatan Terhadap Apartemen Uttara Ditolak PTUN DIY http://www.suarayogyakarta.com/blog/2016/05/gugatan-terhadap-apartemen-uttara-ditolak-ptun-diy/ξ��_ #JogjaOraDidol #JogjaAsat #SlemanAmbyar
12839,5/6/16,1:18,AbsharAr12,'@joeyakarta nak abu bakar ali durung musim liburan ae di tarik 3ewu mas, tulisane sewu. opo maneh pas musim liburan iki #JogjaOraDidol'
12840,5/5/16,23:39,joeyakarta,Musim libur skrg tepat utk tangkap basah praktik mafia2 parkir #Jogja. Yuk saling kabarkan pelanggaran tarif & lokasi parkir. #JogjaOraDidol
12841,5/5/16,15:29,joeyakarta,Proyek UNISI Hotel di Jl Sarkem #Jogja menarik utk dikaji bersama akademisi @UIIYogyakarta yg kritis2 itu. Yora? #JogjaOraDidol
12842,5/5/16,9:26,joeyakarta,'Walikota, Bupati, Gubernur #Jogja lbh baik mundur saja jk tak bs kendalikan aparat yg jd teroris bagi warga! #SaveJogja #JogjaOraDidol'
12843,5/5/16,6:36,dodoputrabangsa,AJI Yogya Adukan Pembubaran Paksa Diskusi Ke Komnas HAM http://metrotvn.ws/JKR44eQbξ via @metro_tv #SaveJogja #JogjaOraDidol
12844,5/5/16,6:34,dodoputrabangsa,Sultan Yogya Bela Polisi Bubarkan Pemutaran Film Pulau Buru &nbsp
12845,5/5/16,4:59,abul_laits,#SaveJogja #SaveJogja #JogjaOraDidol #JogjaOraDidol @anangzakaria: Jogja Berhenti Nyaman.pic.twitter.com/yLLgaqwyr2
12846,5/5/16,4:31,dodoputrabangsa,#SaveJogja #SaveJogja #SaveJogja #SaveJogja #SaveJogja #SaveJogja #SaveJogja #SaveJogja#SaveJogja #JogjaOraDidol https://twitter.com/anangzakaria/status/728174862401855488ξ��_
12847,5/5/16,4:30,indrasane,istimewanya luar biasa.... #SaveJogja #SaveJogja #SaveJogja #SaveJogja #JogjaOraDidol https://twitter.com/anangzakaria/status/728168229563043840ξ��_
12848,5/5/16,3:49,dik_erwin,'Katanya Kota peduli toleransi, tapi nonton filem dibubarin. Takut sama Ormas. #SaveJogja #Jogjaintoleran #Sultanngilang #Jogjaoradidol'
12849,5/4/16,23:20,putriutup,'Lalu bermunculan trip ala ala genk cinta napak tilas ke lokasi soting. Yha. Makin macet. Yha ~

#JogjaOraDidol'
12850,5/4/16,16:33,BangArdi14,Gugatan Terhadap Apartemen Uttara Ditolak PTUN DIY http://www.suarayogyakarta.com/blog/2016/05/gugatan-terhadap-apartemen-uttara-ditolak-ptun-diy/ξ��_ #JogjaOraDidol #JogjaAsat #SlemanAmbyar
12851,5/4/16,16:32,BangArdi14,'Gugatan Warga Karangwuni Ditolak Hakim, Keanehan Amdal Apartemen Diabaikan http://www.aktual.com/gugatan-warga-karangwuni-ditolak-hakim-keanehan-amdal-apartemen-diabaikan/ξ��_ #JogjaOraDidol #JogjaAsat #SlemanAmbyar'
12852,5/4/16,16:32,BangArdi14,BLH Kabupaten Sleman Menangkan Sidang di PTUN DIY http://waktoe.com/blh-kabupaten-sleman-menangkan-sidang-di-ptun-diy/ξ��_ #JogjaOraDidol #JogjaAsat #SlemanAmbyar
12853,5/4/16,15:28,purap_rhuzny,'Jogja istimewa??
Jogja Berhati (BERHENTI) nyaman.
#jogjaoradidol https://www.instagram.com/p/BFAImvzE1kD/ξ'
12854,5/3/16,23:01,gestobyk,'podo wae sing maju

#jogja di warnai sampah visual!!. #jogjaOraDidol �_��: @muhamad2598 http://fb.me/25OCWlpiwξ'
12855,5/3/16,23:00,gestobyk,Dimana jogjaku yg dulu....#jogjaoradidol#gerakanmembunuhjogja �_��: @dyahrindasari http://fb.me/80dWHG7BVξ
12856,5/3/16,21:00,Didy_D_Aditya,'Jogja kita panas sodara,karna apa?? #JogjaOraDiDOL'
12857,5/3/16,9:10,joeyakarta,'Lha kalo sampeyan tanya sy, sy hrs tanya siapa lg? ���@GKRHayu: @.joeyakarta segampang itukah?��� #Jogja #JogjaOraDidol #JogjaDaruratKekerasan'
12858,5/3/16,7:37,hari_yanto98,Ilang istimewane :( #jogjaOraDidol #JogjaAsat saya sebagai warga #jogja menolak bungkam. LAWAN!!pic.twitter.com/z2OGkxF8kZ
12859,5/3/16,7:09,fornjt,@joeyakarta sak paket ketoke pam swakarsa seng penting #jogjaoradidol alias ora di obok obok ben aman korupsine
12860,5/3/16,5:39,hari_yanto98,Tuan rumah tidak akan berkompromi dgn maling yg akan menjarah rumah nya.Lawan! #jogjaoradidol #balitolakreklamasi #tolakpabriksemenrembang
12861,5/2/16,22:16,wargaberdaya,Tragedi #JogjaOraDidol :( ���@LBHYogya: Gugatan kasus Apartemen Uttara dinyatakan kadaluarsa pic.twitter.com/PtXpKAhhh0���
12862,5/2/16,8:56,sofian_aryanto,#AADC2 nonton yang keempat kalinya hahaha #jogjaoradidol pic.twitter.com/1cliafNrYk
12863,5/2/16,4:46,perdhanaapri,Semoga semangat ini terus terjaga. Di Jogja msh ada isu besar yg harus dikawal. Seperti #JogjaOraDidol ... http://tmi.me/1fdIRyξ
12864,5/1/16,8:25,pandu_pethoex,'Ternyata #sleman sdh 1abad..tambah rame aja ni mall,apartemen&hotelnya jd hilang lumbung padinya #SlemanAmbyar #JogjaOraDidol'
12865,5/1/16,2:53,roro_asyu,'@et_tjah no, Optimus mau demo ikut gerakan #JogjaOraDidol :|'
12866,4/30/16,6:39,joeyakarta,'Sulit hormat dgn seleb yg ikut jualan rokok, tambang, air kemasan,dll. Apalagi yg jadikan semangat perjuangan #JogjaOraDidol sbg komoditas'
12867,4/30/16,6:18,Vinda_Fitriana,melasno sek numpak sepedah motor #JogjaOraDidol
12868,4/30/16,5:19,Rickyfa7,Jari tengah untuk penguasa n pengusaha rakus yang sangat buta dan tidak mau tau !! #JogjaOraDiDol !!
12869,4/30/16,5:11,dodoputrabangsa,#JogjaOraDidol = tdk diam Jogja dihisap
12870,4/30/16,5:11,dodoputrabangsa,#JogjaOraDidol = tidak diam dg rakusnya penguasa n pengusaha
12871,4/30/16,5:10,dodoputrabangsa,#JogjaOraDidol = berjuang jaga tanah jaga air
12872,4/30/16,5:10,dodoputrabangsa,#JogjaOraDidol = melawan pengusaha rakus
12873,4/30/16,5:08,dodoputrabangsa,'Sekali lagi, #JogjaOraDidol adalah sikap tegas melawan PENGUSAHA n antek2nya, jgn pernah main2 apalagi berkhianat kpd rakyat #JogjaOraDidol'
12874,4/30/16,5:06,dodoputrabangsa,'Bagi siapapun yg mengkhianati TANAH dan AIR negeri ini utk kepentingan pengusaha, kalian musuh abadi #JogjaOraDidol'
12875,4/30/16,5:04,dodoputrabangsa,'Bersekutu dg pengusaha sekecil apapun, itu adalah pengkhianatan bkn kpd org lain.... Tapi pengkhianatan kpd ibu n bumi ini #JogjaOraDidol'
12876,4/30/16,4:49,dodoputrabangsa,'Apapun alasannya membiarkan pengusaha menghisap bumi ini, adalah pengkhianatan, apalagi bersekutu dg mrk #JogjaOraDidol'
12877,4/30/16,4:48,dodoputrabangsa,Sikap tegas mengajak wrga Jogja melawan pengusaha rakus ini bkn hanya trend-trend an saja.Tp sikap dasar mencintai tanah air #JogjaOraDidol
12878,4/30/16,4:46,dodoputrabangsa,'Ada rakyat yg msh sadar utk generasi mendatang, anak cucu yg tdk akan kt warisi beton #JogjaOraDidol'
12879,4/30/16,4:43,dodoputrabangsa,'Sama hal nya saat kita tulis di dpn rmh kita, "Rumah Tidak Dijual" peringatan utk siapa saja tdk membeli maupun merebutnya #JogjaOraDidol'
12880,4/30/16,4:41,dodoputrabangsa,'#JogjaOraDidol bs jg disbt sbg simbol, bhwa ada perlawanan thdp pengusaha n penguasa rakus yg mencoba tutup mata demi uang'
12881,4/30/16,4:38,dodoputrabangsa,'#JogjaOraDidol adl semangat warga utk bersama2 jaga kelestarian #Jogja dr keserakahan penguasa & pengusaha, bukan ikon pop utk sekedar gaya!'
12882,4/30/16,4:31,alfinniami,#JogjaOraDidol opo #JogjaWisPayu dituku penguasa dan pengusaha serakah?? https://twitter.com/wargaberdaya/status/726369993114275840ξ��_
12883,4/30/16,4:17,wargaberdaya,'#JogjaOraDidol adl semangat warga utk bersama2 jaga kelestarian #Jogja dr keserakahan penguasa & pengusaha, bukan ikon pop utk sekedar gaya!'
12884,4/30/16,2:34,erlangga_erry,'Ruwet Macet 
#jogjaoradidol #jogjamacet #jogjakebak'
12885,4/29/16,23:08,dinovaurus,'Kamu tau arti "I love you"?
.
#jogja #jogjakardah #jogjaoradidol #yenreganeracocok #iphone��_ https://www.instagram.com/p/BE0FURCmYVO/ξ'
12886,4/29/16,11:38,maz_boy13,'Oh iya, sebelum pamit untuk terlelap. Yuk tetap #BeraniBelaBumi dgn selalu dukung gerakan #BaliTolakReklamasi dan #JogjaOraDiDol :)'
12887,4/29/16,12:46,threeas23,Jd kaos #Jogjaoradidol itu sdh jd kaos ikon #jogja? #aadc2
12888,4/28/16,19:01,ican29_,Ora Minggir Tabrak mu gayeng tenan mas @killthedj neng #AADC2 #JogjaOraDidol
12889,4/28/16,10:12,Didy_D_Aditya,'Saiki udan we banyu wes lekas genang,jal pye perasaane wong jogja! #jogjaistimewauntukindonesia #jogjaberhentinyaman #JogjaOraDidol'
12890,4/28/16,7:44,wucyrahadian,'Abis nemenin si mb yg pengen bgt nonton #AADC2
#NGEBUTBENJUT
#AWASASU
#JOGJAORADIDOL pic.twitter.com/OdAnnBVckJ'
12891,4/28/16,5:46,BangArdi14,'Hilang sudah kota indahku...
Karya : riodesvian
#JogjaOraDidol #JogjaAsat #Jogja��_ https://www.instagram.com/p/BEvmS7dSYnC/ξ'
12892,4/28/16,4:26,anam164,Trus ada jg tulisan #JogjaOraDidol waktu si Cinta dan Rangga di warkop (y)
12893,4/28/16,4:23,anam164,Tadi pas nonton #AADC2 ada seniman Jogja yg pakai baju #JogjaOraDidol waktu si Cinta dkk. di discotik
12894,4/28/16,3:04,jengsri_ss,'Iya,Mz,ada nyempil #jogjaoradidol dan baru ngeh kalo mz @killthedj kuwi dempal ya?! Hehe....https://twitter.com/ekuasita/status/725606291360485376ξ��_'
12895,4/28/16,2:28,Didy_D_Aditya,'Bahkan saya pendatang pun tau jogja itu istimewa,bagaimana kalian para penduduk asli.. #jogjasoldout. #JogjaOraDidol'
12896,4/27/16,24:02:00,Didy_D_Aditya,Siapa tau jogja? Siapa yang suka jogja? Karna apa coba? Mall?cafe? Ato palah prostitusi?yang sayang jogja tau jawabnya #JogjaOraDidol
12897,4/27/16,8:04,Pradah_AS,'JOGJA BUTUH POHON BUKAN BETON
#JogjaOraDiDOL'
12898,4/26/16,19:22,jokopujakesuma,'@Ophyx @joeyakarta Betul.... Jgj hrs py walikota yg visioner.Bpkr 15,30,50th lg Jgj mau spti apa. Bkn hya bpkir 5than sj. #JogjaOraDidol'
12899,4/26/16,18:48,simponii,'Thanks, masbungbro! Kaos #JogjaOraDidol pasti akan dipake di sana!  https://twitter.com/dodoputrabangsa/status/725014567907020800ξ��_'
12900,4/26/16,17:14,idhasaras,Bbrp hal yg bikin malas beli tiket aadc2 : insiden patriarkis mba Cinta & bintang iklan aq*** yg poto bareng di dg kaos #jogjaoradidol
12901,4/26/16,10:31,dodoputrabangsa,'Sukses @simponii tour Yuro yaa.. Titip #JogjaOraDidol jgn lupa diajak, biar warga sana dr RW sampe RT tau cinta kami kpd #Jogja
@bayuagni12'
12902,4/26/16,8:51,hari_yanto98,Sebuah bangunan indah di yogyakarta ha! Yg bnr aja inf*cktor #jogjaoradidol #jogjakangenKpk retwet @dodoputrabangsapic.twitter.com/2zUEu0OVO3
12903,4/26/16,12:45,pi0_1,#JogjaOraDidol jogja wes payu  :) pic.twitter.com/YnyyTAoo7q
12904,4/25/16,10:33,adittyachris,Target musim depan memenangkan TorabikaCup! #JogjaOraDidol #MilanButuhDidol @MIsezJogja
12905,4/25/16,9:10,inshomniyah,'Nah RT @joeyakarta #JogjaOraDidol KW "@krisna17revolt @killthedj ora adil tur dholim. adol sumberbanyu klaten, ... http://tmi.me/1fdC58ξ'
12906,4/25/16,8:54,dodoputrabangsa,@andiirfanto drummer Captain Jack <<< dukung penuh #JogjaOraDidol pic.twitter.com/zUcKdWDa2K
12907,4/25/16,8:33,joeyakarta,'#JogjaOraDidol KW "@krisna17revolt @killthedj ora adil tur dholim. adol sumberbanyu klaten, kok iso nganggo kaos kuipic.twitter.com/FayItc5Qbw'
12908,4/25/16,8:30,joeyakarta,'@krisna17revolt dek e nggawe kaos dewe kuwi, mas. Izin RT nggih #JogjaOraDidol'
12909,4/25/16,6:48,danaretropolis,@TwitterID #KarenaTwitter bisa meramaikan hestek #jogjaistimewa #jogjaoradidol sbg bentuk kegelisahan mundurnya perkembangan #jogja kini
12910,4/25/16,1:05,gestobyk,'Jogja, pembangunan mu kini tiada henti, selesai satu mulai baru!

#jogjaoradidol #jogjaasat #jogjasoldout #jogja... http://fb.me/87N70LUCUξ'
12911,4/24/16,21:16,Didy_D_Aditya,Kota tua tergerus asa #jogjaoradidol
12912,4/24/16,19:05,joeyakarta,.. dan kini semuanya berebut ingin jadi walikota https://tempo.co/read/news/2013/04/20/078474693/generasi-penerus-preman-yogyaξ��_ (artikel lawas yg tetap relevan) #Jogja #JogjaOraDidol
12913,4/23/16,23:56,arifwinando,Perjuangan di bali untuk #BaliTolakReklamasi di Jogja untuk #JogjaOraDiDol dan di Jakarta untuk��_ https://www.instagram.com/p/BEkuDOvnPq5/ξ
12914,4/23/16,8:14,CumaAnakPetani,Suarakan perlawanan dimanapun kita berada #Pati #TolakPabrikSemen #JogjaOraDidol �___�___ http://fb.me/4gHJimRsSξ
12915,4/23/16,4:06,Didy_D_Aditya,Ya kalian pikir aja?? Mau makan apa kalo lahan habis di plester semua #JogjaOraDiDol
12916,4/23/16,3:32,Danu_YK,Yogyakarta tidak butuh HOTEL dan MALL lagi! #momo #captainjackband #jogjaoradidol #soundsation @��_ https://www.instagram.com/p/BEigZs6OuqX/ξ
12917,4/22/16,5:18,_viaan,'Nganti wae "@tyrani_ira2: Ranganti nek 1000 hotel-__- "@_viaan: Kota "1000" Hotel 
#jogjaoradidol pic.twitter.com/qU0IFHIhv1""'
12918,4/22/16,1:07,eka_milan,Selagi hari bumi harus ttp teguh dengan pemdapat #JogjaOraDidol @JogjaOraDidol
12919,4/21/16,16:23,Poetradewaa,'pulang jogja ,yg dulunya tmpat sya bermain bola sawah skrg sdh berdiri gedung beton kokoh #jogjaoradidol'
12920,4/21/16,3:29,Johanagung007,'ndi ki warga #bantul sek iseh "peduli"
meh tak ajak mlaku brg ngawal kebijakan bupati terutama bab Mall
jane ono ra ?
#jogjaoradidol'
12921,4/19/16,23:33,RifkaSF,'Btw, Jogja sekarang udah kebanyakan mall & hotel. Aarrghhhhh~~~
#JogjaOraDiDol'
12922,4/19/16,22:04,ayakarta,Toleransi Memudar di Kota Pelajar #jogja #cityof(in)tolerance #jogjaoradidol https://twitter.com/mediaindonesia/status/722640972694167552ξ��_
12923,4/19/16,8:27,BIMOWASKITO8,'@killthedj sing penting walikota ssk pembangunan hotel wes raono, panjenengan mawon sing maju @killthedj #JOGJAORADIDOL'
12924,4/19/16,5:06,kecilroby_,setahun yg lalu dan kini masih berlanjut #jogjaoradidol BELAKANG HOTEL (full movie) https://youtu.be/mGwS78pMPmUξ via @YouTube
12925,4/16/16,20:58,stefanusd,Konvensi calon walikota Jogja #Jogjaoradidol @joint2017 @infojogja @RadioElshintapic.twitter.com/tJYH78RU3d
12926,4/16/16,18:59,wargaberdaya,#JogjaOraDidol dukung perjuangan #BaliTolakReklamasi ���@kotanyamanusia: #TolakReklamasiBenoa @jrinx_sid @ForBALI13 pic.twitter.com/0tmpcWErIL���
12927,4/16/16,18:49,sarasdewi,Dari Jogja ke mBali :) #BaliTolakReklamasi #JogjaOraDidol cc @ForBALI13pic.twitter.com/WvYpe3bsLH
12928,4/16/16,15:47,iyanz_mks,'"@Ivulpull: JOGJA KE mBALIAksi 
Solidaritas gerakan #WargaBerdaya #JogjaOraDidol #ForBALI #BaliTolakReklamasipic.twitter.com/vCq2xESOQT'
12929,4/16/16,10:58,yudhiiyudhek,'Dari jogja untuk bali . 
Besok di alun alun selatan kota yogyakarta . jogja bali bersatu

#jogjaoradidol��_ [pic] ��� https://path.com/p/1HbPySξ'
12930,4/16/16,10:09,dodoputrabangsa,'Di balik biaya hidup murah Kota Yogyakarta | http://merdeka.comξ http://www.merdeka.com/khas/di-balik-biaya-hidup-murah-kota-yogyakarta-sisi-lain-yogyakarta-3.htmlξ��_ lewat @merdekadotcom
#JogjaOraDidol'
12931,4/16/16,10:02,dr_evie_,Skrg penduduk lokal malahbtergeser..dikuasai investor asing kabeh..pribumi cuma jd karyaean rendahan #jogjaoradidol https://twitter.com/Ivulpull/status/721368659478708226ξ��_
12932,4/16/16,9:30,dodoputrabangsa,'JOGJA ke mBALI 
#BaliTolakReklamasi
#JogjaOraDidol
@JRX_SID @gendovara @WALHIBali @ForBALI13 @Dandhy_Laksonohttps://twitter.com/wargaberdaya/status/721371710755176448ξ��_'
12933,4/16/16,9:16,wargaberdaya,#JOGJA KE mBALI. Aksi solidaritas gerakan #BaliTolakReklamasi Teluk Benoa. 17/04 pk7-9 Alun2 Kidul #JogjaOraDidol pic.twitter.com/WagcLN45HO
12934,4/16/16,9:07,smilingdiana,Jogja!!! Ayo bersolidaritas ke mBali! #BaliTolakReklamasi #tolakreklamasitelukbenoa #JogjaOraDidol pic.twitter.com/aPy8BV0vWt
12935,4/16/16,9:04,Ivulpull,'JOGJA KE mBALIAksi 
Solidaritas gerakan #WargaBerdaya #JogjaOraDidol #ForBALI #BaliTolakReklamasipic.twitter.com/8G4x2tBIuh'
12936,4/15/16,19:15,Johanagung007,'ra iso mbayangke nek mall spg simbok-simbok jarikan
#jogjaoradidol #bantuloradidol'
12937,4/15/16,10:34,pandu_pethoex,'Apartemen bagi arsitek adl solusi tp bagi warga adl investasi,siapa yg akan bertanggung jawab atas dampak soaial yg muncul? #JogjaOraDidol'
12938,4/15/16,8:58,Johanagung007,'dengan menjadikan msyrkt sbg karyawan perusahaan akan membunuh rasa kreatifitas shg menumbuhkan generasi budak !!!
#jogjaoradidol'
12939,4/15/16,3:20,gerryrreg_,Kenapa perubahan ke arah kehancuran .. #gerakanmembunuhjogja #jogjaoradidol
12940,4/14/16,7:51,Novannurrosyid,'Wisata malam di Jogja
#Jogja #JogjaOraDiDol #Holiday #LatePost https://www.instagram.com/p/BEL0X6ixTxN/ξ'
12941,4/13/16,20:11,LBHYogya,'Sidang PTUN lnjtn gugatan izin lingkungan Uttara kali ini telah dibuka, mari saksikan! #jogjaoradidol #ceretgaringpic.twitter.com/3tCvK0oBe7'
12942,4/12/16,18:56,awskt,Jarene #jogjaoradidol :(
12943,4/12/16,2:43,jakartalads,(1) Perjuangan di bali untuk #BaliTolakReklamasi di Jogja untuk #JogjaOraDiDol dan di Jakarta untuk #JakartaTolakReklamasi adalah...
12944,4/11/16,3:56,joeyakarta,'@tribunjogja hrs bs perkuat ruang dialog yg sehat, jadikan warga #Jogja bijak & cerdas. Yo ra HAR! #JogjaOraDidol pic.twitter.com/uJEMHiTNZs'
12945,4/10/16,9:03,ernawithyou,'Yogya bukan monopoli kelompok tertentu
Warga Yogya bebas berekspresi

#antikekerasan #jogjaoradidol #keberagaman http://fb.me/7Sf3Q0H9Oξ'
12946,4/9/16,22:03,joeyakarta,@kratonjogja biarkan @PlazaAmbarrukmo injak Pesanggrahan Ambarrukmo 8th lalu. Apa yg kita banggakan? https://elantowow.wordpress.com/2008/01/29/hitungan-ukuran-ala-ambarukmo/ξ��_ #JogjaOraDidol
12947,4/9/16,15:21,saidabban,Alhamdulillah Bantul segera didirikan mal. Bantul tidak akan katrok lagi. Heuheu #JogjaAsat #JogjaOraDidol
12948,4/9/16,11:53,nukiputra4,Tempat yang paling nganenin baik lokal maupun wisman #JogjaOraDidol pic.twitter.com/PYnmWLPIBH
12949,4/9/16,8:27,joeyakarta,Korporasi selalu bs ciptakan KEBUTUHAN (pasar) berdasarkan KEINGINAN (gaya hidup). Birokrasi amini agar dinilai berprestasi. #JogjaOraDidol
12950,4/9/16,7:52,joeyakarta,Byk orang sebut mall #Bantul sbg pasar produk lokal. Knp hrs ke mall utk bs beli produk lokal? Permainan lidah investor. #JogjaOraDidol
12951,4/9/16,7:27,dodoputrabangsa,'Kere Jogja ketemu bolo-bolo ForBali Jkt, #BaliTolakReklamasi #JogjaOraDidol pic.twitter.com/RJKQsVEbYv'
12952,4/9/16,6:24,dodoputrabangsa,'Malam ini Bali Tolak Reklamasi di Univ Sahid Jaksel
#BaliTolakReklamasi
#JogjaOraDidol pic.twitter.com/wWXLrD7eZH'
12953,4/8/16,20:42,pandu_pethoex,'Kekayaan alam justru diberikan kpd kapitalis,org yg tinggal dkompleks elite&apartemen milyaran #JogjaOraDidol #BaliTolakReklamasi #JogjaAsat'
12954,4/8/16,9:58,alfdjones,Suroloyo. #StellerID #JogjaOraDidol https://steller.co/s/5a2KZq4MSSsξ
12955,4/7/16,7:30,Johanagung007,'tulung,ojo nganti ono mall pak ! 

#JOGJAORADIDOL #BantulOraDiDol #BantulOraButuhMall��_ https://www.instagram.com/p/BD5wdbVAjrj/ξ'
12956,4/6/16,9:42,pandu_pethoex,Konsolidasi dg warga tempel caturtunggal #sleman terkait pembangunan #apartemen #slemanambyar #jogjaoradidol pic.twitter.com/ztkvYtZtns
12957,4/6/16,6:16,edoxedo,Tagar #JogjaOraDidol bagi sebagian orang akan diganti #JogjaDidolOra?
12958,4/1/16,18:41,joeyakarta,Apakah para pembeli unit apartemen yg kena tipu developer jg harus dibela? Mrk tak lain jg investor2 yg andil merusak #Jogja. #JogjaOraDidol
12959,4/1/16,3:09,joeyakarta,Haryadi ro Imam ki meh ngapa e? Mimpin #Jogja berdua bareng sj gagal. Apa meneh malah mau maju dewe2. Mung bakal saya ambyar! #JogjaOraDidol
12960,4/1/16,2:46,radittyanto,'Wong Jowo ilang Jawane, lali marang budi pekertine. Esok dele sore tempe, suwe suwe ilang martabate #JogjaOraDidol'
12961,4/1/16,1:43,radiobuku,19. Isu santer di Jogja akhir-akhir ini terkait #jogjaoradidol mengenai akses air sudah mulai kesulitan di sekitar hotel dan mall #komunitas
12963,10/30/16,12:04,joeyakarta,Diskusi ttg Pilkada dan Pembangunan Kota #Yogyakarta. 31/10 pk 13-17 di IRE #Jogja. Apa pesan2 warga yg bs kubantu teruskan? #JogjaOraDidol https://twitter.com/wargaberdaya/status/792587328120164352ξ��_
12964,10/29/16,23:24,BIMOWASKITO8,'@infojogja cc: @joeyakarta hlaa kok raono alternatif liyane kie mas, kepekso 5 tahun soyo bubrah kota jogja #JogjaOraDidol!!'
12965,10/29/16,21:41,wargaberdaya,Diskusi: Pilkada & Pembangunan #Jogja. 31/10 pk13-17 di @ireyogya: @Haryadi_Suyuti @ImamYKA @joeyakarta @TitokHariyanto #JogjaOraDidol pic.twitter.com/Q4Jgs1lnPy
12966,10/29/16,6:34,joeyakarta,Pemerintah akan bangun rel KA dr St Solo Balapan ke Adisumarmo. Kabar baik bagi warga #Jogja yg tak ingin gunakan #NYIA? #JogjaOraDidol
12967,10/29/16,12:30,joeyakarta,'Aku dudu wong sekolahane, mas. Ngapunten jika srundal-srundul. Monggo kapan ketemu, saya tak sinau ke sampeyan. Sip. #JogjaOraDidol https://twitter.com/Septianyoga/status/792266824570122241ξ��_'
12968,10/28/16,10:09,BangArdi14,'Sibuk Membangun, Lupa Berkebun...
#Herocratees #Sleman #Jogja #Indonesia #JogjaOraDidol��_ https://www.instagram.com/p/BMHUT0mgjRa/ξ'
12969,10/28/16,12:56,AriArkus,'JOGJA WES ORA REAL 
Hey para pendatang jangan rubah negeriku
#jogjaoradidol'
12970,10/27/16,17:28,wargaberdaya,Diskusi: Tata Ruang vs Tata Uang #Jogja. Jumat 28/10 08.30-11.30 di @ombudsmanjogja. Narsum: Revianto Budi S. (UII) & LO DIY. #JogjaOraDidol
12971,10/27/16,14:27,AlfianYogieOsd,Jangan ada BETON diantara POHON ! #Gunungkidul #Handayani #Jogja #Istimewa #JogjaOraDidol pic.twitter.com/WvAKQeYmp7
12972,10/27/16,8:13,andshf,'Sadarlah penguasa,jangan sakiti alam
#balitolakreklamasi #JakartaTolakReklamasi #jogjaoradidol
@JRX_SID @jokowipic.twitter.com/6qQVRJBszK'
12973,10/26/16,10:21,andziem,2014 #jadul #vacation #jogja #jogjaoradidol #homestay #vsco @ Kota Jogja https://www.instagram.com/p/BMCMpgtAnUm/ξ
12974,10/26/16,8:27,BIMOWASKITO8,'@joeyakarta tidak, blokade jalan sekalian, ben ke sik rame sisan, #JogjaOraDidol'
12975,10/25/16,4:55,BIMOWASKITO8,'@BerandaJogja semoga semua tidak kepilih, karena hanya mementingkan kelompok #JogjaOraDidol!! paslon bubrah kabeh'
12976,10/24/16,15:58,hari_yanto98,'Kota sejuta seponsor. Keren toh #jogja salute.
#JogjaOraDidol #Sampahvisual #JogjaSemrawut @ Sleman https://www.instagram.com/p/BL9piXJgExS/ξ'
12977,10/24/16,15:46,hari_yanto98,'#jogja ki hebat loh akeh sponsor e,ra percoyo deloken dewe akeh reklame ro spanduk2 sek guuedi!!!  #JogjaOraDidol #SampahVisual'
12978,10/24/16,5:15,gestob_yk,Bukan untuk ditanami beton !!! #jogjaistimewa #jogjaoradidol #sawah : @yudhi_toppic.twitter.com/Anw2r96exG
12979,10/24/16,5:10,gestobyk,Bukan untuk ditanami beton !!! #jogjaistimewa #jogjaoradidol #sawah : @yudhi_top http://fb.me/QV96kZwhξ
12980,10/22/16,22:19,Yudhi_Top,Bukan untuk ditanami beton !!! #jogjaistimewa #jogjaoradidol #sawah https://www.instagram.com/p/BL5LkJZj3_E/ξ
12981,10/22/16,7:26,pandu_pethoex,Sok kenal aktivis #jogja & bengok2 #JogjaOraDidol padahal kancane #preman lan gaweane #konvoi...ironis
12982,10/22/16,6:53,wargaberdaya,'Kepala BLH #Sleman: pemb hotel/apartemen picu krisis air. Tp, knp pemkab obral izin!? @SriPurnomoSP http://www.harianjogja.com/baca/2016/10/21/pembangunan-di-sleman-pesat-persediaan-air-bersih-terancam-762434ξ��_ #JogjaOraDidol'
12983,10/21/16,6:09,Masss_Benn,'Pematokan sephk Tanah SG kembli dilkukn di Gunung Kidul. Apa ya semua tnh di Jogja mlk Sultan?
#JogjaDaruratAgraria
#JogjaOraDidol'
12984,10/21/16,5:48,TrafalgarRizal,'@JRX_SID  Di tunggu video2 yg menginspirasi dan membakar semangat nya mas,
Salam #jogjaoradidol 
aku wis subscribe teko mau'
12985,10/21/16,3:47,wargaberdaya,'Putusan MA: Bangunan Podomoro Medan Bakal Diratakan dgn Tanah
http://medan.tribunnews.com/2016/10/17/putusan-ma-bangunan-super-megah-podomoro-medan-bakal-diratakan-dengan-tanahξ��_
  Mungkinkah terjadi di #Jogja? #JogjaOraDidol'
12986,10/21/16,1:51,creativenet_id,Tanah dan ruang hidup menjadi problem di bbrp kampung di jogja   #ziarahariari #kampungkota #jogjaoradidol #bantaransungai #kalicodepic.twitter.com/fYhnrNWHao
12987,10/20/16,23:38,joeyakarta,'Maaf, situasi ini menyangkut fasilitas publik, shg ini masuk ke ranah publik. Jangan dijadikan tertutup. #JogjaOraDidol https://twitter.com/tengkawang/status/789353525536882688ξ��_'
12988,10/20/16,20:44,joeyakarta,'Ketika ada pelanggaran fungsi pd fas publik yg terbiarkan tiap hari, sdh hampir pasti ada indikasi pungli, kolusi, & korupsi! #JogjaOraDidol'
12989,10/20/16,20:18,creativenet_id,Niy yang blm tau cerita kampung dibantaran kali code  simak di http://creativenet.ga/ledok-tukangan-kampung-kami-bernama-kebersamaan/ξ��_ @adetanesia #bantarankali #jogjaoradidol #kalicode
12990,10/20/16,20:01,joeyakarta,'Bicara ttg fas publik, tdk hanya fokus pd pelanggaran fungsi, tp jg apakah dibaliknya ada indikasi pungli, kolusi, & korupsi! #JogjaOraDidol'
12991,10/20/16,8:19,Masss_Benn,'Kalian sadar jika di Jogja semua tanah akan dikuasai kerajaan? 

#JogjaDaruratAgraria
#JogjaOraDidol http://fb.me/8fKWCkw3xξ'
12992,10/20/16,6:08,Masss_Benn,'ra mikir po nek sawahmu entek terus kowe arep mangan opo...? 

#JogjaDaruratAgraria
#JogjaOraDidol http://fb.me/8e3ybcSGgξ'
12993,10/19/16,12:54,jojochristopher,'Sore di Jogja, cuaca gak bisa ditebak | @xRMBLx
#xRMBLx #WorkingClassQuality #BaliTolakReklamasi #JogjaOraDidol pic.twitter.com/llq51b7c5b'
12994,10/18/16,5:09,joeyakarta,'Teman-teman akademisi #Jogja, apakah bs beri konfirmasi ttg pernyataan beliau-beliau ini? #JogjaOraDidol #JogjaDaruratAgrariahttps://twitter.com/JDA_SG_PAG/status/788350166659018752ξ��_'
12995,10/16/16,5:53,pandu_pethoex,Lucu bengok2 #JogjaOraDidol tp ambil peran menebar kecemasan warga dlm #konvoi
12996,10/14/16,19:03,joeyakarta,'Pilkada #Jogja: jgn cm lihat kapasitas calonnya, tp jg lihat perilaku simpatisannya. Mrk yg akan kuasai ruang/ranah publik. #JogjaOraDidol'
12997,10/13/16,2:06,hari_yanto98,'Nikmati kota jogja naik sepeda onthel, dan keluhan pengendara yg teriak macet  serta kebut-kebutaan klakson. #JogjaOraDidol'
12998,10/12/16,18:57,elvis_judit,'Terus berjuang ibu2 dan para aktivis2 lainya,jaga lingkungan kita dari para perusak alam #savekendeng #Balitolakreklamasi #jogjaoradidol https://twitter.com/gusdurians/status/785769542656024576ξ��_'
12999,10/12/16,9:12,NovaBilly_,@jrx_sid YK gk mgkn merdeka dri kemacetan jalannya udh sempit malah banyak hotel/mall yg gk bgtu bermanfaat ! #JogjaOraDidol
13000,10/12/16,8:30,Masss_Benn,'Semua ini saya lakukan karena saya Cinta Jogja Istimewa ! Ha!
#JogjaOraDidol'
13001,10/12/16,8:27,Masss_Benn,Saya harap ini efektif dan membuka cakrawala bernalar kita lur. Saya yg pendatang saja begitu resah dgn Jogja yg sekarang. #JogjaOraDidol  pic.twitter.com/YjMOYyCyFN
13002,10/12/16,7:56,joeyakarta,#Jogja Moratorium Izin Bangun Hotel Diperpanjang http://mediaindonesia.com/news/read/71589/moratorium-izin-bangun-hotel-diperpanjang/2016-10-12ξ��_ Baru bicara setelah terlanjur banyak masalah. Pura2? #JogjaOraDidol
13003,10/11/16,8:06,musikRH,Lah? Turut prihatin #JogjaOraDidol #JogjaWisPayuhttps://twitter.com/tribunjogja/status/785858566905266177ξ��_
13004,10/9/16,23:18,hari_yanto98,Saya memperjuangkan jogja sebagaimana saya menikmatinya. #JogjaOraDidol
13005,10/8/16,12:05,BIMOWASKITO8,'@JogjaUpdate bukti nyata, pembangunan tidak diperlukan lagi, kami hanya minta ruang terbuka hijau, stop pembangunan hotel dsb #JogjaOraDidol'
13006,10/7/16,20:49,PasirMuntilan,#JogjaOraDidol Semangat mas (: https://twitter.com/MataramLoyalis/status/784206628014919680ξ��_
13007,10/7/16,7:47,Hadidhajar,'Dirgahayu Kota Tercintaku, semoga tetap berbudaya dan mendapatkan pemimpin terbaik #jogjaoradidol��_ [pic] ��� https://path.com/p/CdBAhξ'
13008,10/7/16,7:28,IhsanRaafi,'Kamu yg cantik yg istimewa seperti jogjakarta
Jogja istimeeewaa,kamu itu seperti jogja istiiiiimewaaaaa @jogja #jogjaoradidol #hut260th'
13009,10/7/16,4:34,Valensurbakti,Sugeng Tanggap Warso (((JOGJA)))  260th !!! #jogjaoradidol #jogjatetapistimewa #hutjogja260��_ https://www.instagram.com/p/BLQpwVBBIj9/ξ
13010,10/7/16,4:25,hari_yanto98,'Sugeng tanggap warso kota yogyakarta, semakin teguh tak runtuh. Kami mempertahankan ke istimewaan mu. #JogjaOraDidol'
13011,10/7/16,3:24,Rahmatpambudi98,Yogyakarta pride #jogjaoradidol pic.twitter.com/8zQrPl8DJU
13012,10/7/16,2:58,fandiryan,'Selamat hari jadi JOGJA ke 260th. Semoga makin istimewa
#jogjaoradidol #jogjaistimewa #jogja260 [pic] ���https://path.com/p/U5yVkξ'
13013,10/6/16,22:50,habibfahadA,Sugeng tanggap warsa ingkang kaping 260 dumateng Kota Yogyakarta. #Jogja #BerhatiNyaman #JogjaOraDidol pic.twitter.com/I7RpUp7Ury
13014,10/6/16,22:45,DwiDuek,'#260th ISTIMEWA HOTELNYA 
#Jogjaoradidol'
13015,10/6/16,21:26,Rizki_JuniE,'DIRGAHAYU DAERAH ISTIMEWA YOGYAKARTA .
ISTIMEWA LAGI ISTIMEWA TERUS XD
 #HUT260Jogja #JOGJAORADIDOL pic.twitter.com/rnNhXuUyzE'
13016,10/6/16,21:15,sakpolahku1,Sugeng tanggap warsa Ngayogyakarto  #260th #HUT260Jogja #JogjaOraDiDol pic.twitter.com/9eWPanrR4f
13017,10/6/16,21:10,BenkWidhiono,'Memayu hayuning buwana, seko jaman perjuangan nganti merdiko. Jogja tetap Istimewa #Jogjaoradidol #HUT260Jogja'
13018,10/6/16,20:59,FEBxSUD,'Sugeng tanggap warsa Jogja. Semoga kau tetap istimewa, bersih dari sampah & hal lainnya! #HUT260Jogja #JogjaOraDidol pic.twitter.com/qOrw4d4zv5'
13019,10/6/16,20:59,WachyuAditya,Dirgahayu Ngayogyakarta Hadiningrat ke 260 tahun ... #jogjaoradidol #dirgahayujogja #jogjaindah��_ https://www.instagram.com/p/BLP1rlYjaWX/ξ
13020,10/6/16,20:58,Aditx_Exquero,'Jogja istimewa untuk Indonesia
Tetaplah istimewa dan sederhana
#jogja_istimewa
#jogjaoradidol pic.twitter.com/rtXicDgGMG'
13021,10/6/16,20:33,yoelianto8,'Selamat hari jadi Jogjaku yang ke 260. Tetaplah menjadi kota istimewa, aman dan berhati nyaman. #HUT260Jogja #JogjaOraDidol'
13022,10/6/16,20:28,EkaBagas24,'Sugeng Tanggap Warso Kota NgaYugjokarto Hadiningrat.
Dirgahayu Kota Kesayangan
Jogjekardaaahh yang ke 260. 
#HUT260Jogja #JogjaOraDiDol pic.twitter.com/303221rINg'
13023,10/6/16,19:59,TrafalgarRizal,'Sugeng Tanggap Warsa, Ngayogyakarta Hadiningrat. #JogjaOraDiDol'
13024,10/6/16,19:38,YogyakartaCrew,'Sugeng tanggap warsa Kota Yogyakarta Hadiningrat ke-260, semoga tetap istimewa dan semakin maju #HUT260Jogja #JogjaOraDiDol'
13025,10/6/16,19:31,fendiyunanto,Suggeng Tanggap Warsa Jogjakarta.  Tetaplah Istimewa dan Nyaman. #JogjaOraDidol #HUT260Jogja #JogjaIstimewa.
13026,10/6/16,19:19,runhell_rnhl,Selamat ulang tahun jogjakarta ke 260 semoga makin istimewa .... #HUT260JOGJA #JOGJAORADIDOL #JOGJAISTIMEWA
13027,10/6/16,18:55,agengLarasati,'Semogaaa tetap dengan jogja yg apa adanya, sederhana, berbudaya #HUT260Jogja #wishforJogja #JogjaOraDidol'
13028,10/6/16,18:09,noskaloSky,HUT Yogyakarta. Semoga Jakal KM 5 dibangun flyover. #jogjaoradidol
13029,10/6/16,17:17,kerjabahagia,Jogja 260 :) yeah kota sejuta seni dan inspirasi #hutjogja260 #jogjaoradidol
13030,10/6/16,16:58,whutama24,'Kota Jogja selamanya Istimewa,
Dirgahayu Jogjakarta,...
#Jogjaoradidol
#kotaistimewa��_ [pic] ���https://path.com/p/3ZHuMPξ'
13031,10/6/16,16:53,OSDsinatras13,Dirgahayu Daerah Istimewa Yogyakarta. Semoga lekas sembuh. #JogjaOraDiDol #FTG! http://fb.me/7jlk5QEi3ξ
13032,10/6/16,11:33,DanKurowo,#JogjaOraDidol pertumbuhan investasi furniture yang mengesampingkan lahan agraria. Jogja krisis ladang dan persawahan. #HUT260Jogja
13033,10/6/16,10:34,vika_syaifudin,BRAJAMUSTI MAIDENT PASERBUMI CNF SLEMANIA BCS bisa akur dan lebih mengutamakan 1 DIY 1 #jogjaoradidol #HUT260Jogja
13034,10/6/16,10:10,area_jogja,'RT @Masss_Benn: Sugeng ambal warsa Yogyakarta. Tetap perhatikan aspek NJogjani dalam pembangunannya. 

#HUT260Jogja 
#JogjaOraDidol'
13035,10/6/16,10:08,Masss_Benn,'Sugeng ambal warsa Yogyakarta. Tetap perhatikan aspek NJogjani dalam pembangunannya. 

#HUT260Jogja 
#JogjaOraDidol'
13036,10/3/16,16:42,pandu_pethoex,Rasane kepingin mural kantor pemerintahan #jogja dg tulisan #JogjaOradidol #Sleman dg tulisan #SlemanAmbyar
13037,10/3/16,12:43,dodoputrabangsa,'Tdk memilih adalah HAK, Jogja Ora Didol...!!!
#TidakMemilihAdalahHak #JogjaOraDidol
https://www.facebook.com/dodokputrabangsa/posts/1135751259838176?comment_id=1135795613167074&reply_comment_id=1135815929831709&notif_t=feed_comment&notif_id=1475479396886848ξ��_'
13038,10/2/16,23:11,pandu_pethoex,Mohon penjelasan dr pak @SriPurnomoSP & bu @Sri_Muslimatun terkait rambu yang malih ini #SlemanAmbyar #JogjaOraDidol pic.twitter.com/rp2Ym8wXx4
13039,10/2/16,8:17,roemahgoegah,Ora-orane dulur @havinhell gelem melu nyuwara aksi pelestarian lingkungan ing tlatah Kendeng! @omahekendeng #savekendeng #jogjaoradidol pic.twitter.com/xIKHmRPGqx
13040,10/1/16,20:04,maulanar_firman,Imam priyono - akhmad fadli #BERMAMFAAD untuk jogja yang istmewa #JOGJAORADIDOL pic.twitter.com/BSiGMXbFYN
13041,9/29/16,1:01,AlfianYogieOsd,Matur suwun om @dodoputrabangsa kaosnya sudah ditangan #JogjaOraDidol pic.twitter.com/3IlQzkz1zp
13042,9/28/16,23:06,kiki_R95,'Hari ini di #KaliBiru jogjakarta  
#electrohell
#JogjaOraDidol #LongLiveJogja #Indonesiapic.twitter.com/DFXR6ips1r'
13043,9/28/16,7:34,akunisharizki,'Pak Sultan..kl Jogja ditambah lg apartemen dan bandara ny,apa nanti masi ad sumber air lg buat rakyat??
#JogjaDaruratAgraria
#JogjaOraDidol https://twitter.com/WWF_ID/status/781070956307492864ξ��_'
13044,9/28/16,7:29,akunisharizki,'Masi berjuang bersama!!!!
#JogjaOraDidol https://twitter.com/JDA_SG_PAG/status/780363381416955905ξ��_'
13045,9/28/16,7:22,akunisharizki,'Pdhl dulu kita (=rakyat kecil) bela2in  mempertahankan kesultanan ttp ad di negara ini. Ingat!!
#jogjareferendum
#jogjaoradidol
#tolakSG/PAGhttps://twitter.com/JDA_SG_PAG/status/780815514285191168ξ��_'
13046,9/27/16,2:34,kiki_R95,'Malam ini berkunjung ke @EHshopYK dan @RumbleRoyaleYK dan jangan lupa ke #Sarkem juga... 
#JogjaOraDidol
#LongLiveJogjakarta'
13047,9/26/16,17:36,Wasno_Dulkamdi,'Masi bilang jogja nyaman ?
#jogjaoradidol
#jogjamacet
#jogjasemrawut
#jogjatoday https://www.instagram.com/p/BK1ufZ1hYV0/ξ'
13048,9/26/16,7:39,kerjabahagia,'Gerimis rata di jogja,lumayan buat stok air di sumur melawan sedotan pompa monster hotel & apartement #jogjaoradidol'
13049,9/26/16,2:50,joeyakarta,'Regulasinya ada, kajiannya ada, SK penetapannya ada. Tp saat ada kolusi hancurkan #cagarbudaya, negara berlagak tk tahu apa2. #JogjaOraDidol'
13050,9/25/16,4:56,ErrorNamed,'Jangan hilangkan "JOG" pada Jogjakarta~
#JogjaOraDidol!'
13051,9/25/16,4:48,joeyakarta,'Apa sbnrnya fungsi ahli, jk tak berani aksi & bahkan lakukan manipulasi utk tdk ungkap kasus2 pelanggaran konservasi? #Jogja #JogjaOraDidol'
13052,9/25/16,1:24,cintiabella8891,'http://TEMAN4D.COMξ  adalah AGEN TOGEL ONLINE TERPERCAYA
#potretjogja #Jogja #JogjaOraDidol #WonderfulIndonesiapic.twitter.com/Akei44zo43'
13053,9/24/16,22:10,joeyakarta,'Pilkada DKI ramai dgn harapan warga & bualan buzzer di medsos. Pilkada bupati/walikota di DIY sepi, spt tanpa harapan. #Jogja #JogjaOraDidol'
13054,9/24/16,8:36,kerjabahagia,'Seandainya bupati sleman mau bikin taman kota yg terlihat, bukan hanya hotel dan apartemet #jogjaoradidol'
13055,9/24/16,3:36,Ivulpull,'Pembangunan melaju ada yg terlupa coba lihat ke sawah dan jalanan, #JogjaOraDidol'
13056,9/24/16,2:50,kiki_R95,'Nostalgia lagu @RebellionRose longlive jogjakarta...
#JogjaOraDidol #LongLiveJogjakarta'
13057,9/23/16,5:12,kerjabahagia,Lebih mudah cari hotel daripada cari tukang tambal ban di jogja #jogjaoradidol
13058,9/23/16,5:08,kerjabahagia,'Deresnya hujan malam ini bikin stok air tanah bertambah, hotel tinggi di perkampungan happy #jogjaoradidol'
13059,9/23/16,5:04,kerjabahagia,'Jogja  musim hujan deras, yang bangun hotel pada kesetrum,wkwkw #jogjaoradidol #hujan #jogja #kawin #kerjabahagia'
13060,9/23/16,2:07,joeyakarta,Pilkada #KulonProgo spt formalitas saja. Pilkada Kota #Jogja spt buah simalakama. Prestasi parpol yg cm habisin uang negara. #JogjaOraDidol
13061,9/22/16,17:40,kerjabahagia,'Saat gempa datang, mesin pembunuh massal sudah ada, hotel2 tinggi di perkampungan telah siap #jogjaoradidol #jogjakarta'
13062,9/22/16,9:01,dekallan,'@joeyakarta #JogjaOraDidol waiki ,nek calon walikota iso ,brarti jos tenan,....'
13063,9/22/16,6:41,joeyakarta,'Rame2 pilbup/pilwalkot, bandarnya bukanlah parpol, melainkan para investor, dgn warga sbg taruhan ala judi totor :( #JogjaOraDidol'
13064,9/22/16,12:36,joeyakarta,Beranikah Calon Walikota #Jogja lakukan kontrak politik utk tinjau ulang semua Izin Lingkungan & IMB hotel/apartemen? #JogjaOraDidol
13065,9/22/16,12:35,dodoputrabangsa,Siaaaapppp #JogjaOraDidol https://twitter.com/d_whyyudi/status/778856334649208833ξ��_
13066,9/21/16,7:23,BintangJayaR,Jogja kakehan mall ro hotel hawane marak i panas #JogjaOradidol
13067,9/20/16,17:45,joeyakarta,'Dgn peta politik lokal & nasional spt skrg, siapapun bupati/walikota di #Jogja tak akan bs dorong perubahan. Sami mawon. #JogjaOraDidol'
13068,9/17/16,10:05,hari_yanto98,Karna kebenaran adlh sesuatu yg salah di negri ini. #PanjangUmurPerlawanan #JogjaOraDidol #BaliTolakReklamasi
13069,9/16/16,16:49,kerjabahagia,'Pagi jogja dengan hotel2nya,kampung kok ada hotel tingkat 10?? #jogjaoradidol pic.twitter.com/HAzhY2HUWc'
13070,9/16/16,2:49,van_Ndobleh,'(Jog)Jakarta 

#jogjaoradidol #explorejogja #jogja #jogjaku #jogjaasat #jogjamacet #mtma #joh��_ https://www.instagram.com/p/BKaZG8jjgmo/ξ'
13071,9/15/16,8:06,kerjabahagia,'Bahkan pesawat pun masuk ke sawah,wkwkw #jogjaoradidol pic.twitter.com/mqjJymkAMM'
13072,9/15/16,7:51,joeyakarta,'Gawe Film, Jaga Kampung... bisa, ya? :) #JogjaOraDidol https://twitter.com/jcmkineklub/status/776054729927303168ξ��_'
13073,9/15/16,6:57,joeyakarta,'Dr wisata, #Jogja raup byk pendapatan, tp alami lbh byk kerusakan. Alasan tepat tak jdkan wisata prioritas utama pembangunan. #JogjaOraDidol'
13074,9/14/16,4:45,hari_yanto98,Mari berdiskusi & pahami perubahan di jogja. #jogja (masihkah) istimewa #JogjaOraDidol #SaveJogja #JogjakangenKpkhttps://twitter.com/wargaberdaya/status/776017148590206976ξ��_
13075,9/14/16,4:18,wargaberdaya,Diskusi publik: #Jogja (masihkah) Istimewa? - 14/09 pk 19.00 di FH UII Jl Tamsis. Narsum: @joeyakarta #JogjaOraDidol pic.twitter.com/DIREj32bUD
13076,9/11/16,9:51,kerjabahagia,'Buatlah beberapa taman kota,di sekeliling hotel2 tinggi dibperkampungan agar saat gempa, kami warga aman!. #jogjaoradidol'
13077,9/10/16,11:05,Bobex2001,'buat apa bnyak rakyat? jka semua notabene rakyat msih bsa di cuci otaknya oleh para investor rakus
#TolakReklamasiTelukBenoa #JogjaOraDiDol'
13078,9/10/16,10:07,hari_yanto98,11 okt 2013 #JogjaOraDidol baca dan apa pendapat kalian tentang #JogjaOraDidol http://m.kaskus.co.id/thread/5255bf27bdcb177010000002/jogja-ora-didol--jogja-tidak-dijual/ξ��_
13079,9/9/16,18:02,Doroteus_DR,'Ini jalan kami, bukan tempat parkirmu 
.
.
.
#grandtjokroyogyakarta #jogjaoradidol��_ https://www.instagram.com/p/BKJ_83ojOdW/ξ'
13080,9/9/16,11:29,Befvck,'kupukul banyak benci , kulahap caci maki , persetan tak perduli coba rangkul kembali #RangkulKembali @RebellionRose #JogjaOraDidol'
13081,9/9/16,7:15,Masss_Benn,Ketimpangan ini! #JogjaOraDidol https://twitter.com/joeyakarta/status/774199352650719237ξ��_
13082,9/9/16,6:44,Rizki_JuniE,'ealah ~
#Bantulrabutuhmall #JogjaOradiDol http://fb.me/84R35Dd9iξ'
13083,9/9/16,3:54,joeyakarta,'Adakah kolusi yg dilakukan @GrandTjokroYK utk bs lolos AMDAL lalin sbg syarat IMB, Pak @SriPurnomoSP? #JogjaOraDidol pic.twitter.com/VaOPXWIATe'
13084,9/7/16,22:48,BangArdi14,REALTIME NEWS: Satpol PP Bantul Copoti Poster yang Mengkritik Wacana Pembangunan Mal http://jogja.tribunnews.com/2016/09/08/realtime-news-satpol-pp-bantul-copoti-poster-yang-mengkritik-wacana-pembangunan-malξ��_ #Bantul #Jogja #JogjaOraDidol
13085,9/6/16,6:47,AngkringanBola,Walah... Pripun Niki Sultan... #JogjaOraDiDol https://twitter.com/wargaberdaya/status/773155146125545478ξ��_
13086,9/6/16,6:45,wargaberdaya,'#Gunungkidul Bakal Byk Dibangun Hotel Berbintang http://jogja.tribunnews.com/2016/09/05/gunungkidul-bakal-dibangun-banyak-hotel-berbintangξ��_ Bgmn warga GK, diam atau melawan? #Jogja #JogjaOraDidol #JogjaAsat'
13087,9/6/16,4:36,luluk1948,Pembangunan apartemen #jogjahits #jogjakarta #jogjaoradidol #instadaily #framing #prisma��_ https://www.instagram.com/p/BKA1UKUgSVu/ξ
13088,9/4/16,9:20,kerjabahagia,'Tiap hari suara gaduh pembangunan hotel, berdoa dan persiapkan diri kalian, kalo gempa datang lagi kita telah siap #jogjaoradidol'
13089,9/4/16,9:06,wargaberdaya,Diskusi @bemkmugm ttg Merumuskan Kembali Tata Ruang #Jogja. 5/9 pk 15.30 di KPTU Fak Pertanian UGM #JogjaOraDidol pic.twitter.com/6XOOE0LjHm
13090,9/3/16,22:03,pandu_pethoex,Gaya hidup hedonis mendorong orang bertindak umpulse buying #JogjaOraButuhMall #JogjaOraDidol
13091,9/3/16,6:32,adittyachris,'Tulung aja gawe Jogjaku ilang, biarlah Jogja tetap nyaman seperti Jogja yang dulu kami cintai. #JogjaOraDidol'
13092,8/31/16,3:26,kiki_R07,'Kali biru yogyakarta indonesia.. selamatkan alam indonesia dan tetap cintai bumi pertiwi indonesia..
#JogjaOraDidol pic.twitter.com/a00VfVvSiV'
13093,8/29/16,22:24,maz_boy13,'Jogja oh jogja 

#JogjaOraDiDol
#JogjaAsat
#JogjaKangenKPK
#WargaBerdaya https://www.instagram.com/p/BJuJRn8A8mU/ξ'
13094,8/29/16,20:50,BangArdi14,'Jogja Semakin Sumpek...
#JogjaOraDidol #JogjaAsat #Jogja #JogjaKangenKPK #SlemanAmbyar��_ https://www.instagram.com/p/BJt7lLjDMof/ξ'
13095,8/28/16,7:50,hari_yanto98,'Jika esok #jogjasemrawut ,salahin sya, karna saya generasi yg tak berguna!!! #JogjaOraDidol #DaruratAir #SlemanAmbyar #JogjaKangenKpk'
13096,8/28/16,7:40,hari_yanto98,Emang susah ngelawan bangsa sendiri itu!! #JogjaOraDidol #TolakReklamasiTelukBenoa #SaveNorthKendeng #DeritaPertiwipic.twitter.com/4KiKXmD5l7
13097,8/27/16,12:17,royaljawi,Yang itu berapa harga permeternya gan? #survey #jogjaoradidol pic.twitter.com/OWK4iJlnIe
13098,8/24/16,18:36,deckyiskandar66,Team Rusuh Jogja. #RaMinggirTabrak #JogjaOraDidol  (with CBR Club Bandung) [pic] ��� https://path.com/p/2eCIlZξ
13099,8/24/16,11:22,ArchiveJogja,'Jika di Pulau Dewata ada #BaliTolakReklamasi, di Jogja warga juga menolak apartemen. #JogjaOraDidol https://youtu.be/iiIm71zgPqMξ'
13100,8/24/16,6:15,kerjabahagia,'Bangunan tinggi di jogja, hotel & apartement di perkampungan, saat gempa ntah kapan lagi, ludes sekeliling :(  #jogjaoradidol'
13101,8/24/16,5:04,ucok_hutabarat,'Anak ilang yg kesasar.... Kasihan bgt.. Jogjaaaa ora didol... jackyrajusembiring 
#jogjaoradidol��_ https://www.instagram.com/p/BJfaPWdhr9-/ξ'
13102,8/24/16,3:43,joeyakarta,#JogjaAsat #JogjaOraDidol #JogjaDaruratAir #Jogja #Sleman #WargaBerdaya diskusi rumuskan solusi & rencana aksihttps://twitter.com/ArchiveJogja/status/768384642781057024ξ��_
13103,8/23/16,23:43,joeyakarta,Begini lho ancaman nyata yg didapat warga di sebelah @ApartemenUttara tiap hari. #Sleman #Jogja #JogjaOraDidol https://youtu.be/iiIm71zgPqMξ
13104,8/21/16,12:44,joeyakarta,Kemerdekaan seperti apa yg bs dirasakan warga di bwh ancaman proyek @ApartemenUttara? #Sleman #Jogja #JogjaOraDidol https://twitter.com/ArchiveJogja/status/767168687757336576ξ��_
13105,8/18/16,16:59,PM_GK17,Bung Karno lwt jogja. beliau mampir mau minum krn haus prjalanan jauh. air nya tinggal tanah bung. sdh dihbskan hotel. #JogjaOraDidol
13106,8/18/16,3:57,BangArdi14,Jogja Archive: TRAILER JOGJA DARURAT AIR http://www.youtube.com/watch?v=tzuT2yzfo1Y&sns=twξ��_ #Jogja #JogjaOraDidol #JogjaAsat
13107,8/18/16,12:59,wargaberdaya,'#JogjaDaruratAir - Video dokumenter ttg #Jogja by @ArchiveJogja, stlh #BelakangHotel by @watchdoc_ID https://youtu.be/tzuT2yzfo1Yξ #JogjaOraDidol'
13108,8/17/16,16:16,FEBxSUD,#Latepost menanti senja di Stadion Maguwoharjo. #JogjaOraDidol https://www.instagram.com/p/BJOllKEDYxn/ξ
13109,8/16/16,19:46,Adam_NFF,'Indonesia 71 kerja nyata, jangan menjadi tamu di rumah sendiri. 

#jogjaoradidol��_ https://www.instagram.com/p/BJMYwRyh5bM/ξ'
13110,8/16/16,2:01,wargaberdaya,'Byk Hotel Baru, 5 Kec di #Jogja Krisis Air http://ugm.ac.id/id/berita/12292-banyak.hotel.baru.lima.kecamatan.di.yogyakarta.krisis.airξ��_ #JogjaAsat #JogjaOraDidol @KPK_RI @ombudsmanjogja @ombudsmanridiy'
13111,8/16/16,1:59,wargaberdaya,5 Kec di Kota Yogyakarta Rawan Krisis Air https://shar.es/1ZMlx1ξ #JogjaAsat #JogjaOraDidol #Jogja @KPK_RI @ombudsmanjogja @ombudsmanridiy
13112,8/16/16,1:58,wargaberdaya,5 Kecamatan di Kota Yogyakarta Krisis Air https://nasional.tempo.co/read/news/2016/08/15/058796201/lima-kecamatan-di-kota-yogyakarta-krisis-airξ��_ #JogjaAsat #JogjaOraDidol #Jogja @KPK_RI @ombudsmanjogja @ombudsmanridiy
13113,8/16/16,1:55,wargaberdaya,'Pembangunan Hotel Menjamur, Kota Yogyakarta Defisit Air http://detik.id/6KVIJrξ #JogjaAsat #JogjaOraDidol #Jogja @KPK_RI @ombudsmanjogja'
13114,8/15/16,5:38,_akhta_,'Lagi2 pembangunan yg tdk beretika thd lingkungan,halo @PemkotJogja ??? #jogjaoradidol #bencanaekologihttps://twitter.com/detikcom/status/765164534172495872ξ��_'
13115,8/12/16,22:27,marvinkristian_,'Mesin harus diredam, alam harus menang!!! #jogjaoradidol
: michael_utama_v https://www.instagram.com/p/BJCYCb_j1o-/ξ'
13116,8/12/16,8:08,HannivRokavanka,'santai2 sore !! 
hari ke-2 
#jarang2jalan2 #menginav #jogjaoradidol @ Hotel Perwita Sari Jogja https://www.instagram.com/p/BJA1v6Jhvd6/ξ'
13117,8/11/16,21:55,gestobyk,'Tetap jaga konsistensimu. Lawan demi perubahan

#jogjaoradidol #karyasendiri #jogjanotforsale #jogjamelawan... http://fb.me/83GqifRZ0ξ'
13118,8/11/16,19:10,gestobyk,'TANAH INI, LUKA INI, DEMI ESOK YANG LEBIH BERSINAR!!! #hope #forbali #BaliTolakReklamasi #jogjaoradidol... http://fb.me/7u9zwFS9Sξ'
13119,8/10/16,17:10,absurdnymous,'Kmaren2 banyak hastaq #JogjaOraDiDol tp hotel yg di bangun skrng melebihi cintaku padamu ... 

Banyak banget ...'
13120,8/10/16,24:52:00,Didy_D_Aditya,Aku emang ra ngerti opo2 tapi aku sayang jogja #JogjaOraDiDol
13121,8/8/16,9:45,OSDsinatras13,'Alam harus menang!

#BaliNotForSale
#JogjaOraDiDol http://fb.me/7A4Z5hT28ξ'
13122,8/6/16,5:02,9entry_,'Foto ber-empat 
3 kepala + alam
 + 
#olhej
#jogjaoradidol
#balitolakreklamasi http://ln.is/www.instagram.com/p/uWaVGξ��_'
13123,8/3/16,22:02,CandraWijanarko,'Di sana hotel, di sini hotel, di mana-mana liatnya hotel. #Jogjakarta #hotel #Jogjaoradidol��_ https://www.instagram.com/p/BIrKAoED5NI/ξ'
13124,8/3/16,10:14,zfhaedar,Kalian teriak #JogjaOraDidol tp perilaku kalian tidak mencerminkan kalau kalian ingin mempertahankan Jogja dgn segala budayanya. Perusak!
13125,8/3/16,6:33,joeyakarta,Video ini tunjukkan betapa tinggi risiko gedung @ApartemenUttara bagi permukiman warga https://youtu.be/zh6Z_0lFDAcξ #Jogja #Sleman #JogjaOraDidol
13126,8/2/16,8:06,hari_yanto98,'Mungkin ada yg mau ikut monggo, kita sama2 jaga lingkungan agar #jogjakembalinyaman #JogjaOraDidol pic.twitter.com/Uffa3JlwKP'
13127,7/29/16,20:22,hari_yanto98,'@benedikta_song kemajuan dan kehancuran itu beda tipis #jogjaoradidol
#BaliTolakReklamasi'
13128,7/29/16,2:35,YudhaAdiasmara,@junita97679784 ini satu lg bli -> @gendovara @JRX_SID @ForBALI13 Kotor sekali main mereka #BaliTolakReklamasi #JogjaOraDidol. LAWAN!!
13129,7/28/16,2:42,hari_yanto98,'Apa km akn diam sja ktka melihat maling menjarah rumah tetanggamu?
#JogjaOraDidol
#TolakReklamasiTelukBenoa
#TolakPabrikSemenRembang #Lawan'
13130,7/28/16,12:31,erwin_akhsan,'Kenikmatan mana lagi yang (masih) kau dustakan
.
.
.
.
.
#bukaenmatamu #jogjaoradidol��_ https://www.instagram.com/p/BIZZhEsBs7e/ξ'
13131,7/26/16,6:17,jzrychsn,Dari mana sejarah #JogjaOraDidol ? Cek http://www.jazariichsan.ga/2016/07/asal-mula-jogja-ora-didol.html?m=1ξ��_
13132,7/25/16,10:56,JhonoKruezt,saya dari jogja mendukung aksi BTR walau tak bisa ikut dalam perjuangan melawan penguasa rakus itu #jogjaoradidol #bongkarITdanaTW
13133,7/25/16,7:09,Pamungkas_punk,@JRX_SID dari jogja mendukung warga bali untuk melawan penguasa rakus #jogjaoradidol#Bongkar1TdanaTW
13134,7/24/16,4:52,msubhanalir,'Cerdas berkat makan ikan 
.
.
.
.
#explorejogja #discoverjogja #jogjaoradidol #jogja��_ https://www.instagram.com/p/BIPkQH2DoI-/ξ'
13135,7/23/16,24:27:00,Thoriqdezet,Senyumnya dian sastro cokkk istimewa kayak jogja! #jogjaoradidol ��� Ada Apa Dengan Cinta 2 (with JEMBYfams) ��� https://path.com/p/7j5Awξ
13136,7/23/16,7:47,TsenJhon,'Retweeted #JogjaOraDidol  (@hari_yanto98):

Dngr pak @jokowi & bu @susipudjiastuti #BaliTolakReklamasiTelukBenoa... http://fb.me/1g3aStfA9ξ'
13137,7/21/16,21:13,Akedong,@dodoputrabangsa @anastasia_kiki @naomisrikandi aku ketok jembar! #jogjaoradidol
13138,7/21/16,10:45,hari_yanto98,'Jika kau menghamba pada ketakutan kita akan memperpanjang barisan perbudakan. (WijiThukul) #JogjaOraDidol
#BaliTolakReklamasi #Lawan'
13139,7/21/16,10:39,hari_yanto98,Dngr pak @jokowi & bu @susipudjiastuti #BaliTolakReklamasiTelukBenoa #JogjaOraDidol #RembangTolakPabrikSemen #Lawanpic.twitter.com/okmiZcZQMk
13140,7/21/16,4:05,pandu_pethoex,'Lucu..pasang hastag #JogjaOraDidol tapi nginepe di #hotel bermasalah,,mung ngekek wae kang...wkwkwkwk'
13141,7/21/16,12:11,dodoputrabangsa,Keren juga kaosnya #JogjaOraDidol @anastasia_kiki @Akedong @naomisrikandipic.twitter.com/FMVH59Ezp2
13142,7/21/16,12:09,dodoputrabangsa,@adetanesia bersama SPOER #JogjaOraDidol pic.twitter.com/xzfDm0aUgt
13143,7/21/16,12:08,dodoputrabangsa,Walopun mrk org2 hebat... sejenak abaikan orgnya #JogjaOraDidol @njahja @Akedong @naomisrikandi @anastasia_kikipic.twitter.com/HBmQAfuLF3
13144,7/21/16,12:05,dodoputrabangsa,Abaikan orgnya... #JogjaOraDidol @njahjapic.twitter.com/mpVRDVfv8I
13145,7/20/16,12:30,YudhaAdiasmara,@gendovara segitunya ya?  Heheee. Makin lucu aja. Terus berjuang dab #BaliTolakReklamasi #JogjaOraDidol
13146,7/19/16,3:41,wargaberdaya,Ini 10 Kerajaan Bisnis @kratonjogja - http://www.aktual.com/10-kerajaan-bisnis-keraton-yogyakarta/ξ��_ #Jogja #JogjaOraDidol cc @KPK_RI @komnasham
13147,7/19/16,2:29,joeyakarta,Cerita Mahasiswa Papua Dukung Perjuangan Warga Yogya - @cnnindonesia http://cnn.id/145593ξ #Jogja #JogjaOraDidol #PapuaItuKita
13148,7/17/16,4:04,koyepe,Hehe. Skrg akunnya tanpa nama "Jogja" | wedi kuwalat adol jeneng kutho nggo golek upo | pokmen #jogjaoradidol https://twitter.com/juliantri/status/754632104609054720ξ��_
13149,7/16/16,5:10,RagilNKRI,Karo Ops Polda DIY: JOGJA AMAN DAN KONDUSIF SEMENJAK KEMARIN DAN HARI INI #JogjaRukun #JogjaDamai #SavePapuaKita #JogjaOraDidol
13150,7/15/16,8:58,nofaristanto,'Ra di dol, tapi wis ke tuku ki... pripun mbak? RT @dr_evie_: #jogjaoradidol cc @joeyakartahttps://twitter.com/temponewsroom/status/753976221495496705ξ��_'
13151,7/15/16,1:19,TsenJhon,'Retweeted Naomi Srikandi (@naomisrikandi):

Dalam solidaritas #JogjaOraDidol #JogjaAsat #PapuaItuKita... http://fb.me/4OWwEKY9Qξ'
13152,7/15/16,12:11,Asnawi__13,'Saat warga Jogja yg asli sibuk & tidak peduli, masyarakat Papua melakukan aksi seperti ini. #JogjaOraDidol pic.twitter.com/G0xmWD4sZr'
13153,7/14/16,23:12,joeyakarta,'Saat negara tdk hadir, teman2 #Papua bantu warga Miliran lawan hotel pencuri air #Jogja #JogjaOraDidol #PapuaItuKitapic.twitter.com/ZG2LXwV82u'
13154,7/14/16,23:10,joeyakarta,'Saat byk warga #Jogja tk peduli, tmn2 #Papua bantu warga Miliran lawan hotel maling air #JogjaOraDidol #PapuaItuKitapic.twitter.com/719VLKHK50'
13155,7/14/16,22:53,AriandriErvi,'keraton jogjakarta
#eksplorejogja #jogjakarta #jogjaoradidol #panas @ Keraton Ngayogyakarta��_ https://www.instagram.com/p/BH3v9b_gnMh/ξ'
13156,7/13/16,22:18,hari_yanto98,Kemajuan dan kehancuran itu beda tipis!! #JogjaOraDidol
13157,7/13/16,22:13,joeyakarta,Sumbu Filosofi #Jogja berubah jd Sumbu Investasi. Sumbu Imajiner jd Sumbu Developer. Wujud Manunggaling Penguasa-Korporasi. #JogjaOraDidol
13158,7/13/16,7:01,hari_yanto98,'#jogjaismawut kalo kita diam saja dan tidak bertindak apa2, Lawan!!
#JogjaOraDidol #SelamatkanJogja #JogjaJemputKpk #SlemanAmbyar'
13159,7/12/16,9:42,rizkytekek,Cc @joeyakarta laaa kok tambah uaekeeeh iki mas #JogjaOraDidol https://twitter.com/BerandaJogja/status/752902993746415616ξ��_
13160,7/11/16,19:55,wargaberdaya,'Pemkab #Bantul rencanakan Perbup ttg Toko Jejaring Modern di sktr ringroad, atas arahan Gub DI #Jogja Bgmn menurut warga? #JogjaOraDidol'
13161,7/11/16,1:58,wargaberdaya,'Jk liburan/mudik kmrin menginap di hotel yg dibangun antara 2010-2016, Anda sdh andil merusak #Jogja. #JogjaOraDidol pic.twitter.com/WsnCYdBaUa'
13162,7/10/16,18:45,gestobyk,'Berkuasa bukan harus memaksa.
Membangun bukan harus menggusur.
#Jogjaoradidol #selamatkanjogjadariintoleransi... http://fb.me/839lU3HZgξ'
13163,7/9/16,8:54,FEBxSUD,Kepalkan tangan kiri! cc dodok_jogja #BeringinKembar #JogjaOraDidol #JogjaAsat https://www.instagram.com/p/BHpX9LSD07E/ξ
13164,7/9/16,8:48,FEBxSUD,Beringin Kembar cc: dodok_jogja #JogjaOraDidol #JogjaAsat https://www.instagram.com/p/BHpXTrdjAqe/ξ
13165,7/9/16,5:11,HPramono10,'Persamaan kamu dengan Jogja, sama-sama Istimewah #jogjaoradidol #diy @ JL. MALIOBORO, Yogyakarta��_ https://www.instagram.com/p/BHo-b3UBtnE/ξ'
13166,7/6/16,20:41,mfandisaputra,Pripun kabare ? #jogjaoradidol (at Malioboro) ��� https://path.com/p/28Pvxdξ
13167,7/4/16,21:55,gestobyk,'Lahan pertanian semangka di Padukuhan Kretek, Desa Glagah, Kulonprogo. #jogjaoradidol #photojogja �_��: @yogizulfadhli http://fb.me/2Wr4L9jppξ'
13168,7/3/16,7:51,RuLLyisMe,Karena Jogja selalu ngangenin... Mungkin kalau Jogja itu cowok sudah aku lamar #ehh #jogja #diy #jogjaoradidol
13169,7/3/16,7:22,joeyakarta,'Aparat malas dan korup harus dibuang, agar jumlah warga oportunis nan curang makin berkurang! #Jogja #JogjaOraDidol #ReformasiJogja'
13170,7/3/16,2:12,erlangga_erry,'Banyak BETON sedikit POHON 
#jogjaoradidol'
13171,7/2/16,20:13,joeyakarta,'#Jogja butuh pemimpin yg benar, yg tak sekedar rumangsa tenar, apalagi yg suka berbuat onar. #ReformasiJogja #JogjaOraDidol'
13172,7/2/16,1:05,gestobyk,Petani bersatu gagalkan bandara! #jogjaoradidol �_��: @yogizulfadhli http://fb.me/74BRMmguKξ
13173,7/1/16,6:28,Didy_D_Aditya,Sawah ladang tergerus asap kota #JogjaOraDidol. #jogjaAsat. #BoyolaliKotaBeton #PesanDamai. #faktanya
13174,7/1/16,2:18,Johanagung007,'Anggaran e entek piro ki pasang pemehan ko ngene ki ? 
#jogja
#jogjaoradidol pic.twitter.com/DvkTSo0MGy'
13175,7/1/16,12:57,Gustavochiesavi,jogja kebak -_- #jogjaoradidol
